supplier_id,warehouse_id,category,product_id,demand_mean,demand_std,avg_available_units,avg_on_order_units,baseline_fill_rate,baseline_stockout_rate,lost_sales_revenue,units_demanded,lead_time_days,unit_price,lead_time_variability,available_position,prob_stockout,expected_service_level,p05_service,p50_service,p95_demand_during_lt,expected_shortage_units,expected_end_dos,severe_event_probability,stress_risk_score
SUP-002,WH-LYON,Health,SKU-0016,78.33888888888889,19.931492693553373,256.3777777777778,1198.8,0.6385334285562831,0.38333333333333336,528371.52,14101,23,103.44,0.395,1455.1777777777777,0.7083333333333334,0.7959980551537509,0.48289956288145464,0.8020258763587839,3013.4175192718794,487.9101580173007,1.5743920452119595,0.7083333333333334,52.76084093137193
SUP-002,WH-MAD,Health,SKU-0016,95.31111111111112,22.15468445840004,358.35555555555555,1484.4388888888889,0.5861922817972283,0.4388888888888889,734734.3200000001,17156,23,103.44,0.395,1842.7944444444445,0.6466666666666666,0.8197980527402104,0.511773647701497,0.8389650564744394,3600.800634135438,532.4771645676865,2.0307504498603817,0.6466666666666666,48.017156372730106
SUP-002,WH-PORTO,Health,SKU-0016,86.13888888888889,16.946436776765964,323.4166666666667,1507.9277777777777,0.6368686496783906,0.3888888888888889,588056.4,15505,23,103.44,0.395,1831.3444444444444,0.595,0.8575207742741698,0.5859607797282939,0.9199801977528999,3125.370790038466,386.71503529173253,2.6750465111817623,0.595,43.474321942054395
SUP-002,WH-LIS,Health,SKU-0016,102.93333333333334,22.926308958445553,377.06666666666666,1797.1222222222223,0.7711739842518469,0.25,448722.72000000003,18528,23,103.44,0.395,2174.188888888889,0.58,0.8512703491669681,0.5569883596995113,0.9134958331241514,3903.4817383482273,498.0409420330439,2.97840694134286,0.58,42.69413027304716
SUP-002,WH-MAD,Household,SKU-0060,61.45,28.29222508039974,377.1333333333333,991.8555555555556,0.6926239463424998,0.3277777777777778,44558.64,11061,23,13.23,0.395,1368.988888888889,0.5366666666666666,0.8803249025577289,0.5964356017502426,0.9600343303154381,2295.283922270044,239.55828983439153,3.132675641785404,0.5366666666666666,38.918908620928526
SUP-003,WH-MAD,Pet Care,SKU-0047,75.11111111111111,21.66501927557529,447.6111111111111,1335.1722222222222,0.7079193309127519,0.3055555555555556,136272.43,13520,24,34.79,0.425,1782.7833333333333,0.5233333333333333,0.878726757008211,0.5794499715206879,0.9789752943408259,3076.6831629210424,324.1412792558303,3.452646118399783,0.5233333333333333,38.102039045818806
SUP-003,WH-MAD,Dairy,SKU-0030,35.9,11.565262956914115,252.75,634.8444444444444,0.6432197994140184,0.37222222222222223,14471.16,6462,26,6.27,0.425,887.5944444444444,0.5166666666666667,0.8721080497617072,0.559052193011256,0.9793966585027798,1587.6796910300545,172.99564428263125,4.1539101502752915,0.5166666666666667,37.87024509662462
SUP-003,WH-LYON,Pet Care,SKU-0047,68.06666666666666,20.509597153990967,534.8388888888888,1107.661111111111,0.8700023918083459,0.1388888888888889,58342.83,12252,24,34.79,0.425,1642.5,0.52,0.890386296498296,0.604857686993713,0.9813176803942383,2715.514979459029,261.31784360952815,3.671663338208883,0.52,37.50265671796063
SUP-002,WH-LYON,Household,SKU-0060,57.52777777777778,29.27206813137349,372.05,898.6277777777777,0.7055352596516276,0.3,41939.1,10355,23,13.23,0.395,1270.6777777777777,0.5116666666666667,0.881392226779624,0.589130960656707,0.9920593058501559,2156.87185304202,224.09848205379564,3.3930545056356682,0.5116666666666667,37.262525329548886
SUP-002,WH-PORTO,Household,SKU-0060,58.57222222222222,24.797736100388903,285.8388888888889,1012.2,0.5701531629763043,0.4444444444444444,61387.2,10543,23,13.23,0.395,1298.038888888889,0.5033333333333333,0.8859318043282626,0.5921270389610278,0.9993120425313176,2192.163402679342,220.16204547248785,3.463234647893091,0.5033333333333333,36.5726855854318
SUP-002,WH-LYON,Personal Care,SKU-0003,73.78333333333333,16.272564908922124,460.1111111111111,1287.9055555555556,0.786546929406166,0.23333333333333334,122778.87999999999,13281,23,45.44,0.395,1748.0166666666667,0.47333333333333333,0.9007898648546905,0.612628865817468,1.0,2853.304942968347,249.50826519697128,3.9162151578625695,0.47333333333333333,34.12137360068211
SUP-003,WH-MAD,Frozen,SKU-0005,66.13333333333334,20.043082089958233,449.72777777777776,1152.5388888888888,0.7469293203033041,0.2611111111111111,28797.3,11904,23,8.82,0.425,1602.2666666666664,0.47,0.9032447998925209,0.6226243275289733,1.0,2573.4110037638557,221.66802305532022,4.647096659697622,0.47,33.83025823854246
SUP-003,WH-PORTO,Dairy,SKU-0030,34.33888888888889,10.752244868317296,269.53333333333336,669.3111111111111,0.7180123498815449,0.29444444444444445,11580.689999999999,6181,26,6.27,0.425,938.8444444444444,0.43333333333333335,0.9043600262725958,0.6038173271725501,1.0,1554.848473704564,130.12963896341765,5.330258999235928,0.43333333333333335,31.3945941167648
SUP-002,WH-MAD,Personal Care,SKU-0003,80.1,14.656628526934028,409.7111111111111,1506.6222222222223,0.744487983673622,0.2722222222222222,174989.44,14418,23,45.44,0.395,1916.3333333333335,0.425,0.9126795147939462,0.6522216425932843,1.0,2938.1870977813396,236.47447733222972,4.327215334178677,0.425,30.612843372895536
SUP-003,WH-MAD,Household,SKU-0012,121.03888888888889,27.753375936154274,612.8722222222223,2406.8333333333335,0.7181959961949196,0.3,118693.08,21787,23,18.54,0.425,3019.7055555555557,0.42333333333333334,0.9120649317793934,0.6291200261771577,1.0,4799.89225066317,385.6975758241551,5.3463501447956165,0.42333333333333334,30.518598026499056
SUP-003,WH-PORTO,Frozen,SKU-0005,67.89444444444445,19.452419309897405,561.45,1146.3666666666666,0.8468145060649928,0.16111111111111112,17595.9,12221,23,8.82,0.425,1707.8166666666666,0.4166666666666667,0.9143156685874584,0.6357157444198077,1.0,2686.4470785086514,210.56365200585648,4.932830667688166,0.4166666666666667,30.00924135805119
SUP-002,WH-MAD,Pet Care,SKU-0055,35.90555555555556,11.706225828734082,245.08333333333334,682.15,0.6845169245517677,0.32222222222222224,139711.5,6463,25,65.5,0.395,927.2333333333333,0.4166666666666667,0.9186989313113658,0.6513794851116864,1.0,1423.5113680271093,106.38593925699429,4.9154019888962175,0.4166666666666667,29.863208766172296
SUP-003,WH-LIS,Dairy,SKU-0030,39.08888888888889,11.004970379797077,509.76666666666665,599.5944444444444,0.8395462204285734,0.16666666666666666,7154.07,7036,26,6.27,0.425,1109.361111111111,0.415,0.9181824895060657,0.638754357501564,1.0,1736.7647363117223,129.32800441309058,5.69514015256499,0.415,29.765086716286344
SUP-003,WH-LYON,Household,SKU-0012,91.86111111111111,21.794818688476457,413.74444444444447,1836.0,0.7375170786057152,0.2777777777777778,82503.0,16535,23,18.54,0.425,2249.7444444444445,0.4116666666666667,0.9201405701815167,0.6317376605704359,1.0,3561.205426747501,257.39609860232207,5.074929549199713,0.4116666666666667,29.47759709286074
SUP-003,WH-MAD,Health,SKU-0048,74.5111111111111,24.422603526330793,434.3888888888889,1626.0388888888888,0.658914227595941,0.35555555555555557,288848.7,13412,25,60.9,0.425,2060.427777777778,0.40166666666666667,0.9202437350397679,0.6511799384567786,1.0,3164.145173388699,230.8716619864742,5.822887142232941,0.40166666666666667,28.831889354996886
SUP-003,WH-MAD,Snacks,SKU-0098,30.95,19.90852685009069,316.0777777777778,524.1722222222222,0.8028515861629204,0.20555555555555555,27645.99,5571,24,22.17,0.425,840.25,0.3883333333333333,0.926782361225595,0.6450710750925761,1.0,1302.5704294711481,86.59498839628948,5.9524184354557015,0.3883333333333333,27.73690845168362
SUP-007,WH-LYON,Beverages,SKU-0001,74.02222222222223,15.099652426927863,239.68333333333334,791.5444444444445,0.798207941393288,0.2388888888888889,25250.399999999998,13324,13,9.45,0.214,1031.2277777777779,0.3983333333333333,0.9477708212829805,0.7629585042221831,1.0,1351.6179642358913,66.68768800904262,1.6192536461520066,0.3983333333333333,27.690787682896584
SUP-003,WH-LYON,Frozen,SKU-0005,53.455555555555556,16.810585326491243,331.4111111111111,1104.838888888889,0.6656138423998781,0.35555555555555557,29423.52,9622,23,8.82,0.425,1436.25,0.36666666666666664,0.937821773753777,0.6930145011225961,1.0,2072.4695633914525,121.04336609909706,5.771819589422923,0.36666666666666664,25.971842759142433
SUP-003,WH-LYON,Health,SKU-0048,53.1,17.337304372509237,448.56111111111113,1063.3555555555556,0.7597754361787613,0.2611111111111111,146281.8,9558,25,60.9,0.425,1511.9166666666667,0.36333333333333334,0.9348198524663774,0.6722143734189425,1.0,2249.158496005564,137.17910458150087,6.643095769280345,0.36333333333333334,25.856083372809785
SUP-003,WH-LYON,Dairy,SKU-0030,27.605555555555554,9.541732636204337,281.4222222222222,562.3444444444444,0.7023977072310406,0.3111111111111111,9473.97,4969,26,6.27,0.425,843.7666666666667,0.35833333333333334,0.9349986239352851,0.6825036191017712,1.0,1236.2854385073654,75.56364056251232,6.997577622896913,0.35833333333333334,25.527916231133542
SUP-003,WH-PORTO,Pet Care,SKU-0047,74.67222222222222,19.777203330361274,859.9055555555556,1169.0722222222223,0.8447275641025641,0.16111111111111112,75250.77,13441,24,34.79,0.425,2028.9777777777779,0.3566666666666667,0.9346443309808294,0.6856760145960488,1.0,2959.091431411589,184.18078170489903,6.232864508599147,0.3566666666666667,25.439648481589494
SUP-002,WH-LYON,Pet Care,SKU-0055,27.22222222222222,8.903301475129624,218.61111111111111,537.2944444444445,0.6528557219353692,0.35555555555555557,117179.5,4900,25,65.5,0.395,755.9055555555556,0.34833333333333333,0.9415888107338073,0.713819732609711,1.0,1058.9586547429217,59.14691225615798,5.798761304778218,0.34833333333333333,24.660484845419937
SUP-003,WH-LIS,Frozen,SKU-0005,80.40555555555555,21.827330830818816,770.2833333333333,1399.75,0.9000874623010223,0.10555555555555556,12789.0,14473,23,8.82,0.425,2170.0333333333333,0.345,0.9391486680080463,0.6927683373364038,1.0,3132.410598729993,178.50705179970282,5.898960021838434,0.345,24.51615447783686
SUP-003,WH-MAD,Frozen,SKU-0037,72.41111111111111,19.195201008983858,720.0666666666667,1383.2888888888888,0.880087297954815,0.12777777777777777,36686.22,13034,24,22.73,0.425,2103.3555555555554,0.32666666666666666,0.9462780458005594,0.7150749743673003,1.0,2941.4490462589815,152.12438325176274,6.6532509949723835,0.32666666666666666,23.093557161808143
SUP-002,WH-PORTO,Personal Care,SKU-0003,74.59444444444445,12.572336939257356,398.0888888888889,1627.6777777777777,0.7914359753957356,0.21666666666666667,131457.91999999998,13427,23,45.44,0.395,2025.7666666666667,0.3233333333333333,0.9453421147452411,0.7118156516612968,1.0,2845.9147569536885,147.06005641438927,5.703926837404183,0.3233333333333333,22.899854702010582
SUP-003,WH-LIS,Frozen,SKU-0077,29.233333333333334,13.38017377612599,335.43888888888887,613.1722222222222,0.8583728123728124,0.15555555555555556,23006.76,5262,27,31.43,0.425,948.6111111111111,0.32166666666666666,0.9451184649591607,0.712554007058332,1.0,1331.28467257071,70.1925986688619,8.349591988090218,0.32166666666666666,22.807626323751098
SUP-002,WH-LIS,Household,SKU-0060,73.35555555555555,31.525217754017774,551.6555555555556,1478.2166666666667,0.7696740243181307,0.24444444444444444,41767.11,13204,23,13.23,0.395,2029.8722222222223,0.3233333333333333,0.9492675148579202,0.7181675756476925,1.0,2826.466687496546,139.14509113673495,6.194470726945756,0.3233333333333333,22.77727220080618
SUP-003,WH-MAD,Pet Care,SKU-0031,68.46111111111111,25.807271048718004,513.8722222222223,1567.8722222222223,0.781569503307733,0.23333333333333334,153727.68,12323,25,60.81,0.425,2081.7444444444445,0.32,0.9459086781332856,0.7173843178707149,1.0,2901.8734933952855,151.18938146807872,7.198831440812385,0.32,22.67328915466047
SUP-003,WH-LYON,Pet Care,SKU-0031,52.8,22.67782614984694,448.52222222222224,1119.9611111111112,0.6631996407438963,0.34444444444444444,186686.7,9504,25,60.81,0.425,1568.4833333333336,0.31666666666666665,0.9400169696045263,0.682895567537168,1.0,2296.814772951306,130.12663790341563,6.808196383180749,0.31666666666666665,22.64946169221887
SUP-003,WH-LYON,Frozen,SKU-0037,56.00555555555555,13.540956792738767,475.5444444444444,1165.95,0.7253360851919018,0.2833333333333333,63371.24,10081,24,22.73,0.425,1641.4944444444445,0.32,0.9489425965524997,0.7229280612285434,1.0,2270.619381491029,111.24602171208387,6.802851709087145,0.32,22.566371984546198
SUP-003,WH-PORTO,Household,SKU-0012,109.52777777777777,23.63063785244634,615.8666666666667,2475.5555555555557,0.7389822984109181,0.2833333333333333,101005.92,19715,23,18.54,0.425,3091.4222222222224,0.31333333333333335,0.9479016475712315,0.7052837290459597,1.0,4383.252534673189,216.09194571970517,6.886695722524412,0.31333333333333335,22.162119992327323
SUP-007,WH-MAD,Beverages,SKU-0001,90.9888888888889,16.25907186013237,342.71666666666664,963.4611111111111,0.7846121252603042,0.2388888888888889,33093.9,16378,13,9.45,0.214,1306.1777777777777,0.3,0.9663762442620217,0.8063289919157697,1.0,1619.90778740149,53.32624363806599,2.0620196994062856,0.3,20.669786975011263
SUP-003,WH-LIS,Pet Care,SKU-0047,81.93888888888888,20.33302728957336,813.4277777777778,1600.4666666666667,0.9177592383107089,0.08888888888888889,46722.97,14749,24,34.79,0.425,2413.8944444444446,0.29,0.9482637065960539,0.7209484700910037,1.0,3348.220596312053,166.66314826809327,7.405851993109815,0.29,20.641173666420034
SUP-005,WH-LYON,Pet Care,SKU-0007,70.15555555555555,15.368771290332544,317.9166666666667,737.8388888888888,0.8260322835317097,0.20555555555555555,95894.58,12628,13,42.17,0.301,1055.7555555555555,0.2966666666666667,0.9635920835920276,0.7831251178872474,1.0,1348.1317129959125,47.936559938953636,2.8680152175325953,0.2966666666666667,20.54910896251105
SUP-002,WH-MAD,Dairy,SKU-0046,27.333333333333332,8.891650719296528,237.90555555555557,491.7944444444444,0.7050169450496248,0.3111111111111111,30274.379999999997,4920,21,21.29,0.395,729.7,0.2833333333333333,0.9596948266802863,0.7514157433981316,1.0,971.1002543879202,37.93873438484885,6.725290384788083,0.2833333333333333,19.81497383352293
SUP-004,WH-LYON,Health,SKU-0008,72.90555555555555,15.70848157984668,307.52222222222224,937.4666666666667,0.7963643493141102,0.23333333333333334,272667.78,13123,15,101.97,0.192,1244.988888888889,0.2833333333333333,0.9743695403076911,0.8512101130479315,1.0,1462.6108845327708,37.18745971320637,2.425117702974008,0.2833333333333333,19.311682110633487
SUP-003,WH-PORTO,Pet Care,SKU-0031,57.25,20.74637344629621,571.7277777777778,1241.8555555555556,0.8385816867179646,0.17222222222222222,93829.83,10305,25,60.81,0.425,1813.5833333333335,0.26166666666666666,0.9550675050389191,0.7263578286589337,1.0,2496.818618001735,110.96318680721093,8.192125597883471,0.26166666666666666,18.576064000331982
SUP-003,WH-PORTO,Frozen,SKU-0077,24.322222222222223,10.757694689576404,348.47777777777776,486.0388888888889,0.7427136752136752,0.26666666666666666,40136.11,4378,27,31.43,0.425,834.5166666666667,0.25166666666666665,0.9614235836642854,0.7490902435115171,1.0,1114.0415253076974,42.32966249324593,9.375896337509202,0.25166666666666665,17.70270859520466
SUP-003,WH-MAD,Frozen,SKU-0077,22.238888888888887,11.01921323012896,314.74444444444447,462.46666666666664,0.802735380116959,0.20555555555555555,26086.9,4003,27,31.43,0.425,777.2111111111111,0.24666666666666667,0.9609603749653726,0.7554067906163218,1.0,1028.8786896024196,40.08100437584235,10.005443420080704,0.24666666666666667,17.398884018911506
SUP-001,WH-MAD,Frozen,SKU-0013,76.39444444444445,15.462875787595111,555.7,938.5333333333333,0.8330060613861248,0.17777777777777778,22722.920000000002,13751,15,9.46,0.48,1494.2333333333333,0.24333333333333335,0.9619758011149661,0.7472564435284836,1.0,1999.6259002448326,75.1130635277543,5.793828375457483,0.24333333333333335,17.142907219020586
SUP-003,WH-PORTO,Health,SKU-0048,70.18888888888888,20.34336230370947,539.5666666666667,1745.3833333333334,0.7448281864068502,0.26666666666666666,198229.5,12634,25,60.9,0.425,2284.9500000000003,0.24333333333333335,0.9634565350249018,0.7563738590208423,1.0,3020.930116058471,108.48486538521817,9.470028319461507,0.24333333333333335,17.089364098700816
SUP-001,WH-LYON,Frozen,SKU-0013,69.74444444444444,13.1561835079214,427.35555555555555,948.65,0.7959135510147759,0.2222222222222222,24643.300000000003,12554,15,9.46,0.48,1376.0055555555555,0.235,0.9535235720208175,0.7035728068725156,1.0,1955.740300943132,89.92933757186906,6.2446120211540075,0.235,16.896733189860836
SUP-005,WH-MAD,Pet Care,SKU-0007,100.41666666666667,19.24725185346247,440.55,1141.7388888888888,0.8758319201028273,0.15,95599.39,18075,13,42.17,0.301,1582.2888888888888,0.24166666666666667,0.9691566778424646,0.795504311819363,1.0,1989.0427695001906,60.035364203226905,3.511616507528018,0.24166666666666667,16.78124682110554
SUP-002,WH-PORTO,Pet Care,SKU-0055,29.183333333333334,9.249777288576636,330.46666666666664,567.3666666666667,0.8872146708111621,0.12777777777777777,40479.0,5253,25,65.5,0.395,897.8333333333333,0.235,0.9651889451253701,0.7512664851875493,1.0,1195.0935524756396,41.13995382706032,7.897567642398347,0.235,16.489516818497215
SUP-007,WH-LYON,Dairy,SKU-0006,82.08888888888889,19.760942485634303,289.1222222222222,1154.5,0.8271913462192443,0.2,29563.38,14776,15,11.06,0.214,1443.6222222222223,0.235,0.9764006336239942,0.848798255849673,1.0,1700.7836837567452,40.293469751576815,3.0196054599289264,0.235,16.1018953559056
SUP-002,WH-LYON,Dairy,SKU-0046,25.02777777777778,8.359539798856481,291.3722222222222,398.9222222222222,0.8046562366964666,0.20555555555555555,20182.92,4505,21,21.29,0.395,690.2944444444445,0.23,0.9704216389532273,0.8031636831068065,1.0,859.4692103630169,25.93593832450768,7.668257957250826,0.23,15.991225954080013
SUP-002,WH-PORTO,Dairy,SKU-0046,28.433333333333334,8.501133673988237,280.75,482.09444444444443,0.7827250991564717,0.2222222222222222,23695.77,5118,21,21.29,0.395,762.8444444444444,0.22666666666666666,0.9655924574973865,0.7662034680149258,1.0,995.6173909375871,34.77101465682367,6.973779105352698,0.22666666666666666,15.942762628064663
SUP-002,WH-LIS,Personal Care,SKU-0003,93.19444444444444,16.580966816910543,797.4555555555555,2021.2111111111112,0.9161541031489531,0.10555555555555556,63161.6,16775,23,45.44,0.395,2818.666666666667,0.22166666666666668,0.9713265692203519,0.8017554904774772,1.0,3515.61883518565,102.23053578381422,7.975053115145333,0.22166666666666668,15.415958692300654
SUP-003,WH-LYON,Frozen,SKU-0077,20.6,10.032127163218895,381.8777777777778,350.95,0.774406457739791,0.23333333333333334,27941.27,3708,27,31.43,0.425,732.8277777777778,0.21333333333333335,0.9676621962068422,0.7641389386277815,1.0,959.0265983927525,30.62434857502164,10.339939852825323,0.21333333333333335,14.994439177714783
SUP-003,WH-PORTO,Frozen,SKU-0037,65.18888888888888,16.570414804802805,686.3555555555556,1411.3722222222223,0.7925104564906459,0.21666666666666667,54097.4,11734,24,22.73,0.425,2097.727777777778,0.21,0.969402209862746,0.7892924327177537,1.0,2657.732315583219,81.29626507800829,10.038855412599231,0.21,14.720830581741975
SUP-004,WH-MAD,Health,SKU-0008,91.5111111111111,17.752642069126296,390.8333333333333,1211.8222222222223,0.8018196235728345,0.22777777777777777,332116.29,16472,15,101.97,0.192,1602.6555555555556,0.21333333333333335,0.9825340231207997,0.8875542391199212,1.0,1805.700268275475,32.252442414579285,2.8701605793290765,0.21333333333333335,14.481930684774422
SUP-002,WH-LIS,Dairy,SKU-0046,31.68888888888889,10.073078722994888,326.8388888888889,536.4888888888889,0.814256620150929,0.2,24781.559999999998,5704,21,21.29,0.395,863.3277777777778,0.20666666666666667,0.9708177720744584,0.8020362144117922,1.0,1076.420650885258,32.268012901313405,7.572082699171585,0.20666666666666667,14.462660434731145
SUP-003,WH-LIS,Household,SKU-0012,114.8,25.54006601532266,1167.388888888889,2475.1944444444443,0.8646895961895962,0.14444444444444443,52134.479999999996,20664,23,18.54,0.425,3642.583333333333,0.19666666666666666,0.9751880368447242,0.8209485658757913,1.0,4437.042254624404,113.04611133813266,9.79857814021033,0.19666666666666666,13.658410493763387
SUP-002,WH-LIS,Pet Care,SKU-0055,34.977777777777774,9.621295953054519,345.5888888888889,816.1388888888889,0.7946060606060606,0.21666666666666667,79910.0,6296,25,65.5,0.395,1161.7277777777779,0.19,0.9736889879037385,0.8088621068112742,1.0,1436.2534382897381,38.59351119607059,9.927607703316626,0.19,13.276484919854187
SUP-001,WH-PORTO,Frozen,SKU-0013,70.52777777777777,13.037732329967636,584.1555555555556,952.0388888888889,0.8063532041168958,0.2,23716.22,12695,15,9.46,0.48,1536.1944444444443,0.18666666666666668,0.9748263240810716,0.8164521634244092,1.0,1881.54891272956,48.8500760751733,7.388997810154545,0.18666666666666668,13.022302157530358
SUP-003,WH-LIS,Snacks,SKU-0098,29.43888888888889,18.149646067893993,406.68333333333334,614.0555555555555,0.8182180782180782,0.18888888888888888,22413.870000000003,5299,24,22.17,0.425,1020.7388888888888,0.185,0.9758953112904671,0.8141982723459202,1.0,1253.674431122788,30.885139212866108,10.736363007930908,0.185,12.873974154165632
SUP-004,WH-LYON,Snacks,SKU-0018,84.4,27.867924735262932,377.3388888888889,1033.4444444444443,0.852288018846209,0.17777777777777778,43903.0,15192,14,20.42,0.192,1410.7833333333333,0.18333333333333332,0.9851600727673898,0.8770813183792305,1.0,1608.4977807541297,24.26329404374163,2.9601051318608724,0.18333333333333332,12.438509283414968
SUP-001,WH-LYON,Snacks,SKU-0010,89.39444444444445,24.72948553845989,736.5888888888888,1560.3333333333333,0.787499965967581,0.2222222222222222,49319.49,16091,18,14.51,0.48,2296.922222222222,0.175,0.9760302562188686,0.8182754981279614,1.0,2807.027992899208,68.79042223090677,8.376583460428877,0.175,12.219308561478817
SUP-003,WH-LIS,Health,SKU-0048,80.16111111111111,23.57708476747786,976.1888888888889,1866.9277777777777,0.8695231591856203,0.13333333333333333,110959.79999999999,14429,25,60.9,0.425,2843.116666666667,0.16833333333333333,0.9777481491087759,0.8245706686168996,1.0,3448.104085734748,81.31794561573845,11.238482073902803,0.16833333333333333,11.73379672932547
SUP-003,WH-PORTO,Snacks,SKU-0098,24.5,14.237608549426547,343.22777777777776,495.1388888888889,0.822824074074074,0.18333333333333332,18644.97,4410,24,22.17,0.425,838.3666666666667,0.16833333333333333,0.9781858541677243,0.8236859441579785,1.0,1017.8236661920864,22.714697806833918,11.275478022226846,0.16833333333333333,11.710189595732759
SUP-007,WH-LYON,Pet Care,SKU-0023,49.361111111111114,14.330404403876635,252.32222222222222,539.1611111111112,0.8336018514643783,0.20555555555555555,59875.119999999995,8885,13,37.61,0.214,791.4833333333333,0.165,0.9868873061172273,0.9020476793590929,1.0,877.4298073214323,11.900606718439803,3.215939754256243,0.165,11.188447646144402
SUP-001,WH-LIS,Frozen,SKU-0013,93.6,16.13130479575065,876.5166666666667,1149.9166666666667,0.9209233847913093,0.08888888888888889,13792.68,16848,15,9.46,0.48,2026.4333333333334,0.15833333333333333,0.9753342890538321,0.7973835738086159,1.0,2541.3553949261,65.14537325528003,7.132838003511661,0.15833333333333333,11.164650499054108
SUP-003,WH-LIS,Frozen,SKU-0037,85.25555555555556,18.813439337070555,1132.8333333333333,1804.8944444444444,0.92921081519664,0.07777777777777778,24912.08,15346,24,22.73,0.425,2937.7277777777776,0.16,0.9796763330376096,0.8320647939751594,1.0,3530.6485347502653,74.02804048398465,11.252314528728053,0.16,11.117764315659079
SUP-005,WH-PORTO,Pet Care,SKU-0007,81.91111111111111,16.980201711263128,437.0777777777778,987.0611111111111,0.8831241821119361,0.1388888888888889,75906.0,14744,13,42.17,0.301,1424.138888888889,0.16,0.9847957312662697,0.8752304257015642,1.0,1627.1588049083466,25.475759718047204,4.335692484104741,0.16,10.936672627221968
SUP-007,WH-MAD,Dairy,SKU-0006,104.18333333333334,19.570949569172836,490.9555555555556,1458.9666666666667,0.8738854408818283,0.14444444444444443,26532.94,18753,15,11.06,0.214,1949.9222222222222,0.16,0.9876481705054249,0.903632111736413,1.0,2157.87200514886,27.90337496302547,3.807104102874476,0.16,10.838105422537762
SUP-002,WH-LYON,Frozen,SKU-0029,46.80555555555556,16.600497139430068,528.4277777777778,894.9833333333333,0.8402226386031687,0.17222222222222222,33080.85,8425,21,24.45,0.395,1423.411111111111,0.14666666666666667,0.9829895513122537,0.8678265004102915,1.0,1640.2025037319743,29.92966620427097,9.73625913489512,0.14666666666666667,10.141069983506586
SUP-002,WH-MAD,Personal Care,SKU-0115,21.083333333333332,8.537708012139948,258.8666666666667,403.0722222222222,0.7819364726239032,0.2222222222222222,14680.41,3795,22,17.13,0.395,661.9388888888889,0.14166666666666666,0.9818492446512657,0.8552307905196317,1.0,773.9907514635303,14.86870621472991,10.038775627214726,0.14166666666666666,9.85420665998741
SUP-002,WH-MAD,Frozen,SKU-0029,65.2388888888889,24.25662701337096,605.3944444444444,1374.7722222222221,0.8761404939665809,0.1388888888888889,38851.05,11743,21,24.45,0.395,1980.1666666666665,0.13666666666666666,0.9817496691693592,0.8421497181039868,1.0,2351.324229877893,44.66283520759155,9.526304276627279,0.13666666666666666,9.529539186147238
SUP-007,WH-MAD,Pet Care,SKU-0023,60.827777777777776,14.867320300283952,308.3333333333333,672.25,0.791774988850309,0.2388888888888889,92182.11,10949,13,37.61,0.214,980.5833333333333,0.14,0.9884119324329489,0.9097639727267711,1.0,1077.8437531935058,13.018101967319867,3.1694755533258245,0.14,9.510480808865465
SUP-003,WH-LIS,Pet Care,SKU-0031,65.72777777777777,23.281572677099295,783.5777777777778,1635.8111111111111,0.7989635476832242,0.2111111111111111,156038.46,11831,25,60.81,0.425,2419.3888888888887,0.13666666666666666,0.9859994130006108,0.8719640450890032,1.0,2774.6430079032752,40.56013067766095,12.586286468366925,0.13666666666666666,9.379529447018934
SUP-004,WH-MAD,Snacks,SKU-0018,110.6,40.1929146873109,536.5222222222222,1364.1166666666666,0.872119938088028,0.15,59258.840000000004,19908,14,20.42,0.192,1900.6388888888887,0.13666666666666666,0.9885442121806447,0.9021843670587246,1.0,2106.7128116029085,25.059701312964965,3.6119104244484213,0.13666666666666666,9.288679701655328
SUP-001,WH-MAD,Snacks,SKU-0010,94.35555555555555,25.445224820584325,1046.7277777777779,1541.088888888889,0.952050467467016,0.06111111111111111,12333.5,16984,18,14.51,0.48,2587.8166666666666,0.13333333333333333,0.9829030127569562,0.8461825079856016,1.0,3058.22557204965,54.81659410545665,9.485228231896444,0.13333333333333333,9.273334483391247
SUP-007,WH-PORTO,Beverages,SKU-0001,90.52222222222223,14.934290172857269,419.8333333333333,1023.6444444444444,0.8280735583912278,0.2,26299.35,16294,13,9.45,0.214,1443.4777777777776,0.12666666666666668,0.9907851124825113,0.9335629446487193,1.0,1546.2029508266621,15.309974187209912,3.3463091983309217,0.12666666666666668,8.562722110127948
SUP-001,WH-MAD,Dairy,SKU-0038,34.37777777777778,10.527514126960751,406.1166666666667,540.5111111111111,0.8668521225904267,0.14444444444444443,15390.099999999999,6188,17,18.7,0.48,946.6277777777777,0.11833333333333333,0.9863895932387046,0.9019368975708167,1.0,1049.5498986253745,15.959404428704296,10.720048219420471,0.11833333333333333,8.183986346634233
SUP-001,WH-LIS,Beverages,SKU-0073,29.433333333333334,13.218448256193918,482.26666666666665,434.44444444444446,0.8574999999999999,0.14444444444444443,18920.96,5298,19,24.32,0.48,916.7111111111111,0.11166666666666666,0.9875002150111724,0.892107582066058,1.0,1027.5870358013156,14.027693870450038,12.218928917956198,0.11166666666666666,7.707338962783772
SUP-001,WH-LIS,Snacks,SKU-0058,40.78888888888889,13.298459980940665,391.48333333333335,811.5888888888888,0.7534885779107747,0.25,14408.56,7342,18,7.78,0.48,1203.072222222222,0.11,0.9881024571182381,0.9032646002795343,1.0,1331.9189390374722,17.416561950214774,12.452761007035884,0.11,7.578201499424608
SUP-001,WH-PORTO,Snacks,SKU-0010,95.52777777777777,22.36103718213794,1089.9055555555556,1685.2333333333333,0.9590808416389811,0.044444444444444446,9866.8,17195,18,14.51,0.48,2775.1388888888887,0.10666666666666667,0.9890184801611599,0.9229004511670239,1.0,3006.9780965230284,36.64284389099539,11.943100931137858,0.10666666666666667,7.329730693472521
SUP-003,WH-LYON,Snacks,SKU-0098,20.9,12.313003527406373,337.6388888888889,435.81666666666666,0.8447214480366654,0.16666666666666666,14942.580000000002,3762,24,22.17,0.425,773.4555555555555,0.105,0.9870235404393877,0.8941382272524535,1.0,865.0300386764442,12.428021210543287,14.14457864378505,0.105,7.293083045549449
SUP-001,WH-MAD,Beverages,SKU-0073,24.461111111111112,12.629381319033476,353.9611111111111,408.45,0.8664523614523615,0.14444444444444443,13059.84,4403,19,24.32,0.48,762.411111111111,0.1,0.9885282095457368,0.9138007001107384,1.0,834.3299467400451,10.817778121901137,12.965397752614093,0.1,6.91645303580986
SUP-001,WH-LYON,Snacks,SKU-0058,28.494444444444444,10.778365057879544,322.68888888888887,521.9222222222222,0.815610814680582,0.19444444444444445,8013.4,5129,18,7.78,0.48,844.6111111111111,0.09833333333333333,0.9892516977047399,0.9090017082144559,1.0,929.1634332302195,10.953416560291311,12.320363930244643,0.09833333333333333,6.7782589380668
SUP-002,WH-LIS,Personal Care,SKU-0115,22.372222222222224,9.391563167081992,325.77777777777777,420.75,0.8657461240310078,0.1388888888888889,7862.669999999999,4027,22,17.13,0.395,746.5277777777778,0.09166666666666666,0.9890519363328154,0.9078875199810079,1.0,822.2690874263606,10.277616058949713,11.588735369742592,0.09166666666666666,6.357025833902857
SUP-005,WH-LIS,Pet Care,SKU-0007,116.42777777777778,20.61052249440177,634.4833333333333,1512.0444444444445,0.9362599235238976,0.08333333333333333,57393.37,20957,13,42.17,0.301,2146.527777777778,0.075,0.9938869403169467,0.9644061757236694,1.0,2225.752954858759,15.516205648107256,5.474973809347771,0.075,5.0975386567360985
SUP-007,WH-LIS,Beverages,SKU-0001,101.14444444444445,15.669820198482244,472.2,1258.0833333333333,0.8612048771697989,0.16666666666666666,24409.35,18206,13,9.45,0.214,1730.2833333333333,0.06833333333333333,0.994759979000605,0.9803593045224686,1.0,1764.9490988538655,10.371088359676673,4.270866799589191,0.06833333333333333,4.631428593702239
SUP-002,WH-LYON,Personal Care,SKU-0107,28.466666666666665,13.387812351279525,428.22222222222223,628.3277777777778,0.7986858783917606,0.2111111111111111,32510.16,5124,22,31.32,0.395,1056.55,0.06166666666666667,0.9938447529834415,0.9700331121552611,1.0,1089.1896529410317,7.817082201657627,15.2797409606454,0.06166666666666667,4.233984215524713
SUP-007,WH-PORTO,Dairy,SKU-0006,105.7,23.415579973061963,572.8777777777777,1528.3444444444444,0.946680326460156,0.06666666666666667,11944.800000000001,19026,15,11.06,0.214,2101.222222222222,0.06166666666666667,0.9951329106525159,0.9814491195207706,1.0,2140.9442003593863,11.833758024154566,4.989666280313568,0.06166666666666667,4.185284114187935
SUP-004,WH-PORTO,Health,SKU-0008,84.67222222222222,17.574368892267927,514.9666666666667,1158.2222222222222,0.8614748959558174,0.15555555555555556,208120.77,15241,15,101.97,0.192,1673.1888888888889,0.058333333333333334,0.996222064655636,0.9920888215807647,1.0,1686.5313436626384,7.054124233460176,4.939309406241984,0.058333333333333334,3.9279412769863873
SUP-001,WH-LIS,Dairy,SKU-0038,34.705555555555556,9.242661121443051,528.8888888888889,507.3388888888889,0.9151041666666667,0.08888888888888889,9443.5,6247,17,18.7,0.48,1036.2277777777779,0.056666666666666664,0.993683669031537,0.9913659722641024,1.0,1045.2525416462356,8.089035883294695,12.773213613183087,0.056666666666666664,3.918629947309714
SUP-001,WH-PORTO,Dairy,SKU-0038,28.788888888888888,7.3697167527333285,301.02777777777777,557.8888888888889,0.8267624059867807,0.18888888888888888,17316.2,5182,17,18.7,0.48,858.9166666666667,0.055,0.9945477674532022,0.9852530339477503,1.0,871.7763727088463,5.5167165823884865,12.95977041999712,0.055,3.7745871407979865
SUP-001,WH-MAD,Household,SKU-0036,49.922222222222224,19.20819644517929,1004.6277777777777,828.3,0.930817610062893,0.07222222222222222,45290.4,8986,20,66.8,0.48,1832.9277777777777,0.04833333333333333,0.9951182729433063,1.0,1.0,1811.8870109393483,10.843594890877775,16.276672600413914,0.04833333333333333,3.3235568138134686
SUP-005,WH-LYON,Health,SKU-0024,89.80555555555556,33.497952446759896,701.5611111111111,1029.7444444444445,0.883577370859482,0.13333333333333333,103886.44,16165,12,47.72,0.301,1731.3055555555557,0.04833333333333333,0.9964131391009626,1.0,1.0,1706.6094885305556,6.975780235565611,7.278158803073323,0.04833333333333333,3.2722132708906337
SUP-001,WH-LYON,Beverages,SKU-0073,19.63888888888889,10.252545065630331,272.3333333333333,403.5444444444444,0.7735780984719863,0.2388888888888889,19723.52,3535,19,24.32,0.48,675.8777777777777,0.04666666666666667,0.9957948035345305,1.0,1.0,663.9342575489904,3.3373873473159925,15.287094957438894,0.04666666666666667,3.1887300795153526
SUP-002,WH-PORTO,Personal Care,SKU-0115,16.094444444444445,6.394565798916519,302.9222222222222,314.15555555555557,0.8399800099950024,0.16666666666666666,8719.17,2897,22,17.13,0.395,617.0777777777778,0.04666666666666667,0.9958960917084063,1.0,1.0,591.6050984500898,2.8954674265563836,16.68136003770824,0.04666666666666667,3.184873611167988
SUP-002,WH-PORTO,Frozen,SKU-0029,57.43333333333333,18.553591409480376,998.4722222222222,992.6222222222223,0.9506924315619968,0.05555555555555555,12200.55,10338,21,24.45,0.395,1991.0944444444444,0.043333333333333335,0.996621325130095,1.0,1.0,1958.590867416488,8.098866500683593,14.14739421151294,0.043333333333333335,2.942484014592945
SUP-008,WH-LYON,Frozen,SKU-0021,81.13333333333334,25.26118315324276,472.4611111111111,973.7333333333333,0.9353863447858962,0.07777777777777778,13829.63,14604,13,13.01,0.198,1446.1944444444443,0.04,0.9974901524878991,1.0,1.0,1410.5028275050743,4.1168068829241395,4.887619372693072,0.04,2.691932991278884
SUP-008,WH-MAD,Household,SKU-0028,19.033333333333335,5.8203073504438985,130.5,236.59444444444443,0.8372565313022302,0.18888888888888888,19089.85,3426,14,34.15,0.198,367.09444444444443,0.03833333333333333,0.9974073782579815,1.0,1.0,358.73213777439656,1.0697215521472587,5.39309079455607,0.03833333333333333,2.586301717295136
SUP-007,WH-PORTO,Pet Care,SKU-0023,55.33888888888889,14.36326937498644,371.1166666666667,644.0444444444445,0.8202873966791018,0.19444444444444445,65779.89,9961,13,37.61,0.214,1015.1611111111112,0.03833333333333333,0.9975581553284466,1.0,1.0,999.2495462340711,2.7717368412180843,5.453036898217879,0.03833333333333333,2.580450968092803
SUP-008,WH-LYON,Snacks,SKU-0042,40.416666666666664,15.234067600035722,284.7888888888889,493.8,0.926149152102499,0.09444444444444444,8588.91,7275,14,15.31,0.198,778.588888888889,0.035,0.9970851465466055,1.0,1.0,755.9497866278404,2.616479705162043,5.349030724679308,0.035,2.382483155154651
SUP-002,WH-LIS,Frozen,SKU-0029,76.33888888888889,21.86734099314524,1249.2,1542.138888888889,0.8957516339869281,0.10555555555555556,34181.1,13741,21,24.45,0.395,2791.338888888889,0.03333333333333333,0.9976665563097606,1.0,1.0,2683.9665077611844,7.2361226187579515,16.144926658476326,0.03333333333333333,2.2519633137501174
SUP-002,WH-MAD,Personal Care,SKU-0107,32.3,14.006742191374922,559.5166666666667,670.1944444444445,0.8291916638579935,0.17777777777777778,29910.6,5814,22,31.32,0.395,1229.7111111111112,0.028333333333333332,0.9976098345244884,1.0,1.0,1163.5881290448924,3.31414417756848,15.826280648648211,0.028333333333333332,1.9299029107094074
SUP-004,WH-PORTO,Snacks,SKU-0018,96.5111111111111,31.52111802332049,631.7888888888889,1262.2611111111112,0.895268204162327,0.12777777777777777,37858.68,17372,14,20.42,0.192,1894.0500000000002,0.02666666666666667,0.998761678672306,1.0,1.0,1820.8858421951218,2.616397126979285,5.5503191452506915,0.02666666666666667,1.7786601812330622
SUP-008,WH-MAD,Frozen,SKU-0021,111.15,36.12261474602006,690.3,1351.1555555555556,0.9320837256748273,0.07777777777777778,19580.05,20007,13,13.01,0.198,2041.4555555555555,0.021666666666666667,0.9985831791407869,1.0,1.0,1944.3735230072036,3.2850497500223024,5.238659550122079,0.021666666666666667,1.460649012617197
SUP-005,WH-MAD,Personal Care,SKU-0043,52.15,16.87034852093688,554.5333333333333,522.4944444444444,0.9152647400483348,0.09444444444444444,31827.6,9387,12,33.68,0.301,1077.0277777777778,0.02,0.9988618178677506,1.0,1.0,961.5608137745186,1.3400742351832862,8.518358449399779,0.02,1.3423910013809321
SUP-005,WH-MAD,Health,SKU-0024,116.63333333333334,39.61940442136796,1052.0277777777778,1312.1444444444444,0.8924077532440494,0.12222222222222222,108897.04,20994,12,47.72,0.301,2364.1722222222224,0.018333333333333333,0.9989291400508985,1.0,1.0,2156.7174515573056,2.7631892114754577,8.28582937471002,0.018333333333333333,1.231250178435042
SUP-002,WH-LIS,Health,SKU-0096,9.177777777777777,4.637900164855665,333.5777777777778,242.21666666666667,0.8343434343434344,0.16666666666666666,10585.359999999999,1652,23,34.48,0.395,575.7944444444445,0.0,1.0,1.0,1.0,360.88581014186093,0.0,39.88119042317981,0.058333333333333334,1.1666666666666667
SUP-008,WH-MAD,Snacks,SKU-0042,41.71111111111111,15.11427195188806,284.26666666666665,563.0222222222222,0.8939315430829865,0.11666666666666667,13396.25,7508,14,15.31,0.198,847.2888888888889,0.016666666666666666,0.999174461668072,1.0,1.0,809.5188493784152,0.7531854909452981,6.264556112807452,0.016666666666666666,1.113275904704671
SUP-001,WH-PORTO,Household,SKU-0036,47.53333333333333,19.441474988299383,1117.2,922.8055555555555,0.9548922056384743,0.05,21910.399999999998,8556,20,66.8,0.48,2040.0055555555555,0.015,0.9987118612335266,1.0,1.0,1723.021681624549,3.123382516574195,22.932495126687034,0.015,1.0253308238543728
SUP-002,WH-PORTO,Personal Care,SKU-0107,31.544444444444444,12.469996269133503,744.9944444444444,614.1111111111111,0.9193681318681318,0.08333333333333333,17163.36,5678,22,31.32,0.395,1359.1055555555554,0.011666666666666667,0.9993462620100301,1.0,1.0,1167.1654518264943,0.9490829053788654,20.507669487053597,0.011666666666666667,0.7828083029445999
SUP-004,WH-LIS,Snacks,SKU-0018,121.52777777777777,38.916100925391504,938.5444444444445,1742.5388888888888,0.9290027594233135,0.08333333333333333,33978.880000000005,21875,14,20.42,0.192,2681.083333333333,0.011666666666666667,0.9994025908204884,1.0,1.0,2366.607244617994,1.7502451286434682,7.9963238492234545,0.011666666666666667,0.7806641504608705
SUP-004,WH-LIS,Health,SKU-0008,103.14444444444445,16.718210798866377,749.4333333333333,1431.3222222222223,0.973049461701944,0.03333333333333333,54350.01,18566,15,101.97,0.192,2180.7555555555555,0.011666666666666667,0.9995473144256987,1.0,1.0,2025.3146689384457,1.0521383931650727,6.239475913662097,0.011666666666666667,0.7748454105901541
SUP-007,WH-MAD,Personal Care,SKU-0051,32.794444444444444,8.670696312867205,268.75,397.25555555555553,0.9275821432717983,0.08333333333333333,20563.27,5903,13,49.79,0.214,666.0055555555555,0.011666666666666667,0.9996203391865405,1.0,1.0,579.0912914803696,0.2661180149854213,7.427246834613608,0.011666666666666667,0.7724202951641174
SUP-012,WH-LYON,Snacks,SKU-0002,71.06666666666666,21.841889946261084,311.1777777777778,521.4833333333333,0.9131674987840832,0.1111111111111111,25106.76,12792,8,22.68,0.165,832.6611111111112,0.01,0.9992988822574057,1.0,1.0,755.7095873345856,0.6392075877921775,3.71482551713715,0.01,0.6759863196196947
SUP-007,WH-LIS,Pet Care,SKU-0023,67.08888888888889,17.437610699719144,558.6722222222222,771.65,0.9781869549532594,0.027777777777777776,9176.84,12076,13,37.61,0.214,1330.322222222222,0.01,0.9995329228173216,1.0,1.0,1195.3910458757925,0.6681406472856338,6.937453884063228,0.01,0.6672662356738667
SUP-005,WH-LYON,Personal Care,SKU-0043,37.2,13.024858055821632,323.22222222222223,440.9611111111111,0.9317249873037051,0.08333333333333333,14987.6,6696,12,33.68,0.301,764.1833333333334,0.01,0.9997809685101938,1.0,1.0,676.3875193304465,0.17537045542301505,8.546207508973168,0.01,0.6580685384478469
SUP-007,WH-LYON,Health,SKU-0040,53.26111111111111,15.700536904632616,466.44444444444446,677.5666666666667,0.9062880356358617,0.10555555555555556,55829.53,9587,13,59.33,0.214,1144.0111111111112,0.008333333333333333,0.9995295273338748,1.0,1.0,961.7632765374473,0.6036866568347454,8.562448599929352,0.008333333333333333,0.5597053569701212
SUP-008,WH-LYON,Household,SKU-0028,16.716666666666665,5.3002318912061455,148.62777777777777,203.35,0.8982596898538928,0.11666666666666667,9664.449999999999,3009,14,34.15,0.198,351.97777777777776,0.008333333333333333,0.9997813766533341,1.0,1.0,321.90338306487627,0.08046098519751534,7.108532585698398,0.008333333333333333,0.5496317886864508
SUP-012,WH-MAD,Snacks,SKU-0002,102.66666666666667,29.417434879002208,470.68333333333334,804.0888888888888,0.9608080723473044,0.06111111111111111,16896.6,18480,8,22.68,0.165,1274.7722222222221,0.006666666666666667,0.9997010075735687,1.0,1.0,1082.587307413198,0.4054787970463413,4.484969427419405,0.006666666666666667,0.4445536044689403
SUP-008,WH-PORTO,Household,SKU-0028,18.894444444444446,5.031184564830429,173.42222222222222,242.68333333333334,0.9309629629629629,0.07777777777777778,8332.6,3401,14,34.15,0.198,416.10555555555555,0.005,0.9997228103009108,1.0,1.0,358.5354675218074,0.12455949759483759,7.952236652234051,0.005,0.3354038617451446
SUP-007,WH-LYON,Personal Care,SKU-0051,26.572222222222223,7.248217315451943,208.98333333333332,336.0444444444444,0.8996257736453815,0.1111111111111111,21310.12,4783,13,49.79,0.214,545.0277777777777,0.005,0.9997955770749793,1.0,1.0,470.17801026553514,0.1199864147593424,7.75259905649668,0.005,0.33266250903361166
SUP-008,WH-PORTO,Snacks,SKU-0042,44.56666666666667,17.62048706040245,392.97222222222223,617.0722222222222,0.9479847098313998,0.06111111111111111,7930.58,8022,14,15.31,0.198,1010.0444444444445,0.0033333333333333335,0.9997907039697214,1.0,1.0,864.0517852108771,0.23024871133815394,8.508665648177033,0.0033333333333333335,0.22456382334774613
SUP-012,WH-LYON,Personal Care,SKU-0035,16.15,4.28388561677989,72.7611111111111,121.97777777777777,0.8644076598164762,0.16111111111111112,10191.87,2907,8,25.29,0.165,194.73888888888888,0.0033333333333333335,0.9998728602146493,1.0,1.0,170.0124119478055,0.026574322691984,4.038899522656324,0.0033333333333333335,0.22140824263005812
SUP-001,WH-LIS,Household,SKU-0036,57.888888888888886,21.19789408979897,1384.7722222222221,1214.0444444444445,0.9863799283154122,0.016666666666666666,10487.6,10420,20,66.8,0.48,2598.8166666666666,0.0033333333333333335,0.9998818189501516,1.0,1.0,1987.39864996071,0.32983635845221443,25.103858212880322,0.0033333333333333335,0.22128083154883288
SUP-010,WH-MAD,Frozen,SKU-0045,57.28888888888889,19.39662151336765,303.93333333333334,458.45,0.9099164600619816,0.11666666666666667,7468.23,10312,9,6.71,0.127,762.3833333333333,0.0033333333333333335,0.9998908402641835,1.0,1.0,669.6328149218159,0.08693195918325083,4.293710847319581,0.0033333333333333335,0.22069386345423792
SUP-007,WH-MAD,Beverages,SKU-0097,19.211111111111112,9.780832291925922,223.10555555555555,234.85,0.9301429346967104,0.07777777777777778,7754.2,3458,13,28.3,0.214,457.9555555555555,0.0033333333333333335,0.9999700888411455,1.0,1.0,348.82240920447464,0.013827766768628843,10.778660098276575,0.0033333333333333335,0.2178108584373156
SUP-001,WH-PORTO,Pet Care,SKU-0103,17.572222222222223,6.229350742781977,400.4555555555556,332.1111111111111,0.9241841162044897,0.08333333333333333,9900.0,3163,17,44.0,0.48,732.5666666666666,0.0016666666666666668,0.9996015962563907,1.0,1.0,550.7160784351072,0.3835394290586286,24.367310858008814,0.0016666666666666668,0.12525780374271597
SUP-002,WH-LIS,Personal Care,SKU-0107,39.26111111111111,16.133993361077565,811.7555555555556,1096.0166666666667,0.8870177469135803,0.12222222222222222,25056.0,7067,22,31.32,0.395,1907.7722222222224,0.0016666666666666668,0.9998531725826904,1.0,1.0,1472.4268792715209,0.3071742272771773,26.284576091217374,0.0016666666666666668,0.11409019521124476
SUP-008,WH-MAD,Beverages,SKU-0017,88.88333333333334,16.19410024303803,668.1722222222222,1218.3833333333334,0.9654190643261052,0.044444444444444446,20128.920000000002,15999,13,30.92,0.198,1886.5555555555557,0.0016666666666666668,0.9999090418984935,1.0,1.0,1577.483074142662,0.1815030134316093,7.967967564733646,0.0016666666666666668,0.1117578719939579
SUP-006,WH-MAD,Personal Care,SKU-0067,24.227777777777778,9.427068215827873,325.1666666666667,331.4611111111111,0.8953867808159413,0.11666666666666667,11613.06,4361,14,25.98,0.258,656.6277777777777,0.0016666666666666668,0.9999212659718227,1.0,1.0,505.574744646103,0.0542623248034577,13.029418945731813,0.0016666666666666668,0.11137496401027304
SUP-005,WH-PORTO,Personal Care,SKU-0043,42.166666666666664,12.683733479227127,405.6222222222222,564.0055555555556,0.8556628707251313,0.15555555555555556,38765.68,7590,12,33.68,0.301,969.6277777777777,0.0016666666666666668,0.9999301824492689,1.0,1.0,757.1743869638623,0.07065689121761902,10.9408921195941,0.0016666666666666668,0.11101193746528538
SUP-008,WH-PORTO,Frozen,SKU-0021,93.4888888888889,25.16415134124367,688.5944444444444,1203.6888888888889,0.9193367673592923,0.08888888888888889,20061.42,16828,13,13.01,0.198,1892.2833333333333,0.0016666666666666668,0.9999492666410401,1.0,1.0,1655.1678092535383,0.09901593622505743,7.202773992740961,0.0016666666666666668,0.11019989025289222
SUP-005,WH-MAD,Frozen,SKU-0093,17.566666666666666,5.383712245458465,218.06666666666666,191.15,0.90713017859757,0.1,7527.06,3162,12,23.67,0.301,409.2166666666667,0.0016666666666666668,0.999968382841452,1.0,1.0,319.1498754173969,0.013188457155074787,11.290959102715293,0.0016666666666666668,0.10953699940508058
SUP-005,WH-MAD,Beverages,SKU-0009,89.89444444444445,22.82713694824384,1039.2944444444445,1410.2555555555555,0.9806666666666667,0.022222222222222223,9243.49,16181,13,33.37,0.301,2449.55,0.0016666666666666668,0.9999698905737273,1.0,1.0,1799.6225843219706,0.07511148332820843,14.204897836777661,0.0016666666666666668,0.1095034425215929
SUP-001,WH-LYON,Pet Care,SKU-0103,16.877777777777776,7.348967590286328,365.2055555555556,304.31111111111113,0.9116830065359477,0.09444444444444444,12408.0,3038,17,44.0,0.48,669.5166666666667,0.0016666666666666668,0.9999744914663917,1.0,1.0,509.95466693619795,0.017343837916342673,23.19195927963388,0.0016666666666666668,0.10931115215822075
SUP-005,WH-LYON,Pet Care,SKU-0111,14.705555555555556,7.945131127186087,198.85,173.50555555555556,0.9359164292497626,0.07222222222222222,12239.75,2647,12,70.75,0.301,372.35555555555555,0.0016666666666666668,0.9999758690247668,1.0,1.0,264.3813540663142,0.009117308415202672,13.403508080658682,0.0016666666666666668,0.10928146215548452
SUP-008,WH-MAD,Frozen,SKU-0053,72.31666666666666,32.63210795020364,581.6555555555556,1047.2833333333333,0.7966274545419597,0.2222222222222222,11753.0,13017,14,4.6,0.198,1628.9388888888889,0.0016666666666666668,0.9999878545141394,1.0,1.0,1405.999928197619,0.019929486218854132,8.631386121141167,0.0016666666666666668,0.1087787164772637
SUP-006,WH-MAD,Household,SKU-0068,14.244444444444444,6.384882828988573,162.42777777777778,243.45,0.7888662644544998,0.2222222222222222,11135.42,2564,16,21.17,0.258,405.87777777777774,0.0016666666666666668,0.9999918313618185,1.0,1.0,335.9235855466416,0.0033317984662739756,12.3247730474304,0.0016666666666666668,0.10863673251315359
SUP-005,WH-LIS,Health,SKU-0024,115.20555555555555,35.5580722941532,1260.2166666666667,1500.0111111111112,0.9141110000555277,0.09444444444444444,75254.44,20737,12,47.72,0.301,2760.227777777778,0.0,1.0,1.0,1.0,2095.5100817416305,0.0,11.978262433998067,0.0,0.0
SUP-005,WH-PORTO,Health,SKU-0024,99.1,34.279185664662485,1017.1833333333333,1223.411111111111,0.9333692191176832,0.07777777777777778,62226.880000000005,17838,12,47.72,0.301,2240.5944444444444,0.0,1.0,1.0,1.0,1787.7571206686118,0.0,10.85168634210949,0.0,0.0
SUP-007,WH-MAD,Health,SKU-0040,71.33888888888889,21.973870691617865,676.4111111111112,884.0388888888889,0.9455626049012692,0.07222222222222222,42302.29,12841,13,59.33,0.214,1560.45,0.0,1.0,1.0,1.0,1276.749605362939,0.0,8.920797258176869,0.0,0.0
SUP-007,WH-PORTO,Health,SKU-0040,60.022222222222226,16.543477695213216,783.4777777777778,767.0166666666667,0.9537812296635827,0.05555555555555555,31385.57,10804,13,59.33,0.214,1550.4944444444445,0.0,1.0,1.0,1.0,1048.2136916916916,0.0,12.978797808678097,0.0,0.0
SUP-005,WH-MAD,Beverages,SKU-0033,51.2,16.46916875719818,676.6666666666666,538.2444444444444,0.9060215269914723,0.10555555555555556,31089.399999999998,9216,11,35.9,0.301,1214.911111111111,0.0,1.0,1.0,1.0,849.8834966598711,0.0,12.793491040413219,0.0,0.0
SUP-005,WH-LYON,Beverages,SKU-0033,41.955555555555556,13.227203314036672,462.85555555555555,508.7111111111111,0.8851851851851852,0.12222222222222222,29222.6,7552,11,35.9,0.301,971.5666666666666,0.0,1.0,1.0,1.0,695.9958000868276,0.0,12.144188363391919,0.0,0.0
SUP-008,WH-LYON,Household,SKU-0020,66.61111111111111,17.545913875617945,657.7,926.9888888888889,0.9554660825208771,0.05,27951.96,11990,14,42.74,0.198,1584.6888888888889,0.0,1.0,1.0,1.0,1299.172612323875,0.0,9.654654606810878,0.0,0.0
SUP-007,WH-LYON,Health,SKU-0056,29.322222222222223,11.53118460947649,360.19444444444446,387.14444444444445,0.9626382876382877,0.03888888888888889,26610.75,5278,14,118.27,0.214,747.338888888889,0.0,1.0,1.0,1.0,568.2189433368844,0.0,11.46058921273152,0.0,0.0
SUP-005,WH-LIS,Personal Care,SKU-0043,57.53888888888889,18.125991057902485,703.2666666666667,788.1722222222222,0.9338330924309841,0.07777777777777778,21689.920000000002,10357,12,33.68,0.301,1491.4388888888889,0.0,1.0,1.0,1.0,1028.819754887815,0.0,14.06456071489368,0.0,0.0
SUP-007,WH-PORTO,Personal Care,SKU-0051,28.866666666666667,7.116272955847246,316.6611111111111,360.93333333333334,0.9221875721875722,0.08333333333333333,21310.12,5196,13,49.79,0.214,677.5944444444444,0.0,1.0,1.0,1.0,516.1008966843152,0.0,10.409893261745417,0.0,0.0
SUP-005,WH-LIS,Beverages,SKU-0033,48.81111111111111,13.470343543618926,781.8222222222222,626.8111111111111,0.9351608187134502,0.06666666666666667,21181.0,8786,11,35.9,0.301,1408.6333333333332,0.0,1.0,1.0,1.0,852.5955071673519,0.0,17.858690745088982,0.0,0.0
SUP-008,WH-LYON,Pet Care,SKU-0039,50.56666666666667,18.368998658931943,584.1166666666667,687.65,0.9164713191034993,0.09444444444444444,20032.88,9102,14,23.24,0.198,1271.7666666666667,0.0,1.0,1.0,1.0,956.0068650526111,0.0,11.270378159952985,0.0,0.0
SUP-012,WH-MAD,Household,SKU-0052,44.78888888888889,13.88861874349319,493.69444444444446,398.46666666666664,0.9378280261969286,0.07222222222222222,17849.46,8062,9,34.26,0.165,892.161111111111,0.0,1.0,1.0,1.0,527.7566510062705,0.0,10.95247143040951,0.0,0.0
SUP-008,WH-LIS,Household,SKU-0028,23.044444444444444,6.276516685296625,225.38333333333333,298.45,0.9086061253561253,0.1111111111111111,14411.3,4148,14,34.15,0.198,523.8333333333333,0.0,1.0,1.0,1.0,433.4767907806121,0.0,8.728348201633308,0.0,0.0
SUP-012,WH-LYON,Personal Care,SKU-0019,74.72222222222223,18.370505737939272,375.74444444444447,591.0722222222222,0.918211038893513,0.10555555555555556,13337.74,13450,8,11.93,0.165,966.8166666666666,0.0,1.0,1.0,1.0,802.941697303198,0.0,4.823015044685951,0.0,0.0
SUP-007,WH-PORTO,Health,SKU-0056,35.87777777777778,11.862176666093118,565.2777777777778,446.6777777777778,0.9832544512057696,0.022222222222222223,12536.62,6458,14,118.27,0.214,1011.9555555555556,0.0,1.0,1.0,1.0,700.4819850164431,0.0,14.15667239054037,0.0,0.0
SUP-011,WH-MAD,Dairy,SKU-0022,98.92777777777778,23.305843743062372,756.3444444444444,993.0166666666667,0.9662677932942049,0.03888888888888889,12254.900000000001,17807,9,21.35,0.076,1749.361111111111,0.0,1.0,1.0,1.0,1094.3395519063374,0.0,8.729103724313077,0.0,0.0
SUP-012,WH-PORTO,Snacks,SKU-0002,79.49444444444444,19.85801478210452,465.44444444444446,642.6555555555556,0.9664528711523246,0.05,11725.56,14309,8,22.68,0.165,1108.1,0.0,1.0,1.0,1.0,826.1636504435769,0.0,6.071234617184861,0.0,0.0
SUP-007,WH-MAD,Health,SKU-0056,37.95,13.98174188523202,456.3277777777778,519.4611111111111,0.9788607804232805,0.03333333333333333,11708.73,6831,14,118.27,0.214,975.7888888888889,0.0,1.0,1.0,1.0,728.8337127577627,0.0,11.9798953829685,0.0,0.0
SUP-010,WH-LYON,Pet Care,SKU-0079,13.533333333333333,6.878352407631889,133.64444444444445,139.76666666666668,0.9011777574277575,0.11666666666666667,11682.24,2436,10,41.28,0.127,273.41111111111115,0.0,1.0,1.0,1.0,182.13012878927924,0.0,10.199966076491238,0.0,0.0
SUP-012,WH-LYON,Pet Care,SKU-0015,90.86111111111111,36.178910472875565,632.6555555555556,633.3666666666667,0.9368166411828366,0.08333333333333333,11275.0,16355,7,10.25,0.165,1266.0222222222224,0.0,1.0,1.0,1.0,880.7079160015078,0.0,6.9303777387910195,0.0,0.0
SUP-008,WH-LIS,Frozen,SKU-0021,119.33333333333333,30.8381973112538,1000.2833333333333,1590.8333333333333,0.9629712864960074,0.044444444444444446,10655.19,21480,13,13.01,0.198,2591.116666666667,0.0,1.0,1.0,1.0,2103.3678750520867,0.0,8.507910726677718,0.0,0.0
SUP-012,WH-MAD,Personal Care,SKU-0035,21.52777777777778,5.076433177447528,111.12777777777778,156.93333333333334,0.8940615258992342,0.12777777777777777,10571.22,3875,8,25.29,0.165,268.06111111111113,0.0,1.0,1.0,1.0,226.40932856409142,0.0,4.422544946559266,0.0,0.0
SUP-004,WH-MAD,Snacks,SKU-0090,26.93888888888889,9.46039311364387,302.25,362.27777777777777,0.8946813832833371,0.12222222222222222,10424.34,4849,14,19.97,0.192,664.5277777777778,0.0,1.0,1.0,1.0,497.4824156259473,0.0,10.89019009501509,0.0,0.0
SUP-001,WH-LIS,Pet Care,SKU-0103,19.816666666666666,7.351110583826258,495.80555555555554,318.8277777777778,0.9294117647058823,0.07222222222222222,10296.0,3567,17,44.0,0.48,814.6333333333333,0.0,1.0,1.0,1.0,596.1881199189036,0.0,24.209643320530848,0.0,0.0
SUP-005,WH-LIS,Frozen,SKU-0093,20.105555555555554,5.143197733886694,283.2944444444444,274.44444444444446,0.8844920476991539,0.12777777777777777,10249.11,3619,12,23.67,0.301,557.7388888888888,0.0,1.0,1.0,1.0,360.9277713382163,0.0,15.586333944025203,0.0,0.0
SUP-008,WH-PORTO,Pet Care,SKU-0039,59.26111111111111,17.649398644190462,810.7166666666667,882.5611111111111,0.9603658536585367,0.044444444444444446,9946.72,10667,14,23.24,0.198,1693.2777777777778,0.0,1.0,1.0,1.0,1120.3998507188824,0.0,14.568186076935215,0.0,0.0
SUP-005,WH-MAD,Pet Care,SKU-0111,15.61111111111111,8.329384539281874,232.97222222222223,188.35,0.9528540903540903,0.06111111111111111,9197.5,2810,12,70.75,0.301,421.3222222222222,0.0,1.0,1.0,1.0,289.79932457318915,0.0,15.152945194552476,0.0,0.0
SUP-004,WH-LYON,Snacks,SKU-0090,19.883333333333333,6.94855396716733,231.4,267.1333333333333,0.8973015873015873,0.10555555555555556,9046.41,3579,14,19.97,0.192,498.5333333333333,0.0,1.0,1.0,1.0,376.96119234887965,0.0,11.203561195451377,0.0,0.0
SUP-001,WH-LYON,Pet Care,SKU-0119,21.488888888888887,12.477684612285836,657.3888888888889,462.4,0.9397959183673469,0.06111111111111111,8971.24,3868,19,28.39,0.48,1119.7888888888888,0.0,1.0,1.0,1.0,743.1333244836546,0.0,32.56414835739724,0.0,0.0
SUP-005,WH-PORTO,Pet Care,SKU-0111,15.511111111111111,8.07886330358969,257.22222222222223,182.31666666666666,0.9666171791171791,0.044444444444444446,8490.0,2792,12,70.75,0.301,439.5388888888889,0.0,1.0,1.0,1.0,283.70845342419034,0.0,16.443562787247945,0.0,0.0
SUP-006,WH-MAD,Beverages,SKU-0041,42.51111111111111,13.42243968236369,603.1055555555556,616.0055555555556,0.9208402432283029,0.09444444444444444,8352.57,7652,13,12.99,0.258,1219.1111111111113,0.0,1.0,1.0,1.0,823.8465880022769,0.0,15.690215729392197,0.0,0.0
SUP-006,WH-PORTO,Beverages,SKU-0041,37.82222222222222,10.892135215800433,770.7555555555556,442.5833333333333,0.9136473429951691,0.08888888888888889,8235.66,6808,13,12.99,0.258,1213.338888888889,0.0,1.0,1.0,1.0,720.6542985846618,0.0,19.115595116852123,0.0,0.0
SUP-009,WH-LYON,Dairy,SKU-0054,61.87222222222222,16.83572636345038,549.75,498.7611111111111,0.9659847822359395,0.05,8173.200000000001,11137,8,20.85,0.1,1048.5111111111112,0.0,1.0,1.0,1.0,621.3236219413652,0.0,8.979279623273436,0.0,0.0
SUP-001,WH-PORTO,Pet Care,SKU-0119,26.7,12.739285124168482,939.4888888888889,343.25,0.946949891067538,0.05555555555555555,8062.76,4806,19,28.39,0.48,1282.738888888889,0.0,1.0,1.0,1.0,913.3698447363329,0.0,29.123860110520454,0.0,0.0
SUP-009,WH-MAD,Health,SKU-0032,29.68888888888889,7.746896216754938,181.65555555555557,254.69444444444446,0.9536921605399867,0.06666666666666667,7674.88,5344,9,29.98,0.1,436.35,0.0,1.0,1.0,1.0,334.74313854364345,0.0,5.680591266958933,0.0,0.0
SUP-008,WH-MAD,Pet Care,SKU-0039,56.016666666666666,17.123108303950744,730.1333333333333,796.3888888888889,0.9715206093493228,0.03333333333333333,7669.2,10083,14,23.24,0.198,1526.5222222222224,0.0,1.0,1.0,1.0,1056.2289800342432,0.0,13.29518414669596,0.0,0.0
SUP-012,WH-MAD,Personal Care,SKU-0019,96.4,24.677268847369696,612.2555555555556,718.9888888888889,0.9654371422249277,0.05,7539.76,17352,8,11.93,0.165,1331.2444444444445,0.0,1.0,1.0,1.0,1028.6508641232863,0.0,5.737130920758707,0.0,0.0
SUP-011,WH-MAD,Household,SKU-0116,13.511111111111111,5.068788147444587,141.55,106.24444444444444,0.9694443444794322,0.03888888888888889,7485.49,2432,8,77.17,0.076,247.79444444444445,0.0,1.0,1.0,1.0,138.36848947554725,0.0,10.412827867353979,0.0,0.0
SUP-009,WH-LIS,Snacks,SKU-0050,39.41111111111111,12.64150691502233,594.8444444444444,405.8666666666667,0.9484779299847793,0.05555555555555555,7329.16,7094,9,16.81,0.1,1000.7111111111111,0.0,1.0,1.0,1.0,446.0494699576783,0.0,16.381429679938996,0.0,0.0
