supplier_id,supplier_name,warehouse_id,warehouse_name,category,units_demanded,units_fulfilled,units_lost_sales,downstream_fill_rate,downstream_stockout_rate,stockout_day_rate,lost_sales_revenue,avg_days_of_supply,excess_day_rate,on_time_delivery_rate,average_delay_days,lead_time_variability,received_vs_ordered_fill_rate,supplier_service_risk_proxy,supplier_lane_risk_score
SUP-002,Supplier 2,WH-MAD,Madrid Regional Hub,Health,71451.0,47499.0,23952.0,0.6647772599403787,0.33522274005962127,0.23666210670314639,2439391.0399999996,24.92749658002736,0.2476060191518468,0.411663807890223,4.796740994854202,9.11656067446502,0.9252858637569598,54.62,84.53731775807387
SUP-002,Supplier 2,WH-LYON,Lyon EU Gateway,Health,58981.0,39872.0,19109.0,0.676014309692952,0.32398569030704805,0.20451436388508892,1963739.4400000009,31.26071135430916,0.3036935704514364,0.411663807890223,4.796740994854202,9.11656067446502,0.9252858637569598,54.62,84.49769213005747
SUP-002,Supplier 2,WH-PORTO,Porto Distribution Center,Health,64409.0,44951.0,19458.0,0.697899361890419,0.30210063810958093,0.20383036935704515,1991702.7199999993,28.03655266757866,0.265389876880985,0.411663807890223,4.796740994854202,9.11656067446502,0.9252858637569598,54.62,83.09976813123939
SUP-003,Supplier 3,WH-LYON,Lyon EU Gateway,Pet Care,97856.0,76410.0,21446.0,0.7808412361020275,0.21915876389797254,0.1280437756497948,980731.5300000003,49.63888098495212,0.39972640218878247,0.4841628959276018,4.852941176470588,10.512854451152574,0.9258043387914554,51.82,83.0605674315513
SUP-003,Supplier 3,WH-MAD,Madrid Regional Hub,Health,52135.0,41842.0,10293.0,0.8025702503116908,0.1974297496883092,0.11422708618331054,630682.2599999998,87.2147674418604,0.4110807113543092,0.4841628959276018,4.852941176470588,10.512854451152574,0.9258043387914554,51.82,81.391274848
SUP-002,Supplier 2,WH-LIS,Lisbon Distribution Center,Health,79190.0,61025.0,18165.0,0.7706149766384645,0.22938502336153554,0.1573187414500684,1853541.3600000003,22.592872777017753,0.2216142270861833,0.411663807890223,4.796740994854202,9.11656067446502,0.9252858637569598,54.62,80.68556761144733
SUP-003,Supplier 3,WH-MAD,Madrid Regional Hub,Pet Care,117279.0,96587.0,20692.0,0.8235660263133212,0.17643397368667876,0.10916552667578659,927944.4600000001,40.24579480164154,0.35321477428180575,0.4841628959276018,4.852941176470588,10.512854451152574,0.9258043387914554,51.82,80.31276414579291
SUP-003,Supplier 3,WH-LYON,Lyon EU Gateway,Health,37610.0,30902.0,6708.0,0.8216431800053178,0.17835681999468225,0.09165526675786594,408517.19999999995,150.86962380300972,0.47058823529411764,0.4841628959276018,4.852941176470588,10.512854451152574,0.9258043387914554,51.82,80.03276167016574
SUP-003,Supplier 3,WH-PORTO,Porto Distribution Center,Pet Care,106434.0,88845.0,17589.0,0.8347426574215007,0.16525734257849936,0.09192886456908345,785115.7800000004,50.07999999999997,0.4210670314637483,0.4841628959276018,4.852941176470588,10.512854451152574,0.9258043387914554,51.82,79.51163886906656
SUP-003,Supplier 3,WH-MAD,Madrid Regional Hub,Household,87529.0,70200.0,17329.0,0.8020199019753453,0.1979800980246547,0.11422708618331054,322370.39999999985,47.02326265389875,0.3816689466484268,0.4841628959276018,4.852941176470588,10.512854451152574,0.9258043387914554,51.82,79.17813578593707
SUP-003,Supplier 3,WH-LYON,Lyon EU Gateway,Household,67286.0,53379.0,13907.0,0.7933151026959546,0.2066848973040454,0.1374829001367989,261965.01000000004,51.68705882352942,0.3796169630642955,0.4841628959276018,4.852941176470588,10.512854451152574,0.9258043387914554,51.82,78.8061105705718
SUP-002,Supplier 2,WH-LIS,Lisbon Distribution Center,Household,57520.0,46729.0,10791.0,0.8123956884561891,0.18760431154381085,0.12175102599179206,150447.81000000006,33.306874145006795,0.3180574555403557,0.411663807890223,4.796740994854202,9.11656067446502,0.9252858637569598,54.62,76.36844770961423
SUP-002,Supplier 2,WH-LYON,Lyon EU Gateway,Household,44381.0,32321.0,12060.0,0.7282620941393839,0.271737905860616,0.17578659370725033,167309.15999999997,35.58214774281805,0.3071135430916553,0.411663807890223,4.796740994854202,9.11656067446502,0.9252858637569598,54.62,76.01162569166621
SUP-002,Supplier 2,WH-PORTO,Porto Distribution Center,Household,43355.0,31374.0,11981.0,0.7236535578364663,0.2763464421635336,0.17783857729138167,166553.90999999997,35.95512311901504,0.3071135430916553,0.411663807890223,4.796740994854202,9.11656067446502,0.9252858637569598,54.62,76.00800049166621
SUP-002,Supplier 2,WH-LYON,Lyon EU Gateway,Frozen,39667.0,32415.0,7252.0,0.817178006907505,0.18282199309249503,0.12790697674418605,179096.43000000002,28.153522571819412,0.28385772913816687,0.411663807890223,4.796740994854202,9.11656067446502,0.9252858637569598,54.62,75.13797202952668
SUP-002,Supplier 2,WH-MAD,Madrid Regional Hub,Household,46402.0,33749.0,12653.0,0.7273177880263781,0.2726822119736218,0.19015047879616964,180373.11000000002,30.620663474692194,0.2818057455540356,0.411663807890223,4.796740994854202,9.11656067446502,0.9252858637569598,54.62,75.06202075016142
SUP-002,Supplier 2,WH-LYON,Lyon EU Gateway,Personal Care,85239.0,70229.0,15010.0,0.8239068970776288,0.1760931029223712,0.1292749658002736,598859.4,35.81403214774282,0.2421340629274966,0.411663807890223,4.796740994854202,9.11656067446502,0.9252858637569598,54.62,74.78932815663254
SUP-002,Supplier 2,WH-MAD,Madrid Regional Hub,Personal Care,95966.0,78694.0,17272.0,0.8200195902715545,0.17998040972844548,0.13714090287277703,678694.2300000002,28.161757865937076,0.1880984952120383,0.411663807890223,4.796740994854202,9.11656067446502,0.9252858637569598,54.62,73.7021893975385
SUP-002,Supplier 2,WH-PORTO,Porto Distribution Center,Personal Care,88347.0,73422.0,14925.0,0.831063873136609,0.16893612686339093,0.11935704514363885,603157.4700000001,30.363758549931593,0.23700410396716826,0.411663807890223,4.796740994854202,9.11656067446502,0.9252858637569598,54.62,73.33240923484512
SUP-003,Supplier 3,WH-PORTO,Porto Distribution Center,Household,79942.0,68275.0,11667.0,0.8540566911010483,0.14594330889895174,0.11012311901504789,220669.13999999998,50.8801367989056,0.39466484268125857,0.4841628959276018,4.852941176470588,10.512854451152574,0.9258043387914554,51.82,72.61439057003533
SUP-003,Supplier 3,WH-PORTO,Porto Distribution Center,Health,50504.0,43469.0,7035.0,0.860704102645335,0.13929589735466497,0.07729138166894665,429870.95999999996,126.75534199726395,0.47127222982216144,0.4841628959276018,4.852941176470588,10.512854451152574,0.9258043387914554,51.82,71.76388200722911
SUP-003,Supplier 3,WH-LYON,Lyon EU Gateway,Frozen,102815.0,81665.0,21150.0,0.7942907163351651,0.2057092836648349,0.1795485636114911,365341.18999999994,19.549237346101233,0.1515047879616963,0.4841628959276018,4.852941176470588,10.512854451152574,0.9258043387914554,51.82,70.17782923046785
SUP-003,Supplier 3,WH-MAD,Madrid Regional Hub,Frozen,125474.0,101053.0,24421.0,0.8053700368203771,0.19462996317962286,0.17544459644322846,433790.37000000005,17.875092339261293,0.11183310533515732,0.4841628959276018,4.852941176470588,10.512854451152574,0.9258043387914554,51.82,68.91951798940629
SUP-003,Supplier 3,WH-PORTO,Porto Distribution Center,Frozen,121085.0,100742.0,20343.0,0.8319940537638849,0.16800594623611512,0.15800273597811218,385822.5699999999,19.53575923392612,0.14808481532147744,0.4841628959276018,4.852941176470588,10.512854451152574,0.9258043387914554,51.82,68.00706472416846
SUP-004,Supplier 4,WH-LYON,Lyon EU Gateway,Health,54726.0,46128.0,8598.0,0.8428900339875014,0.15710996601249863,0.09986320109439124,876518.4,23.791853625171015,0.22845417236662108,0.488456865127582,1.827460510328068,3.669616203341277,0.9841448808738013,33.61,67.99811583910905
SUP-003,Supplier 3,WH-LYON,Lyon EU Gateway,Dairy,19247.0,14099.0,5148.0,0.7325297448953083,0.26747025510469163,0.2763337893296854,32277.960000000014,13.324117647058836,0.11354309165526676,0.4841628959276018,4.852941176470588,10.512854451152574,0.9258043387914554,51.82,67.06065787421068
SUP-002,Supplier 2,WH-PORTO,Porto Distribution Center,Dairy,19198.0,15326.0,3872.0,0.7983123242004375,0.20168767579956245,0.20656634746922026,82434.87999999999,13.996785225718186,0.08891928864569083,0.411663807890223,4.796740994854202,9.11656067446502,0.9252858637569598,54.62,66.87645896982764
SUP-002,Supplier 2,WH-LIS,Lisbon Distribution Center,Dairy,22359.0,17772.0,4587.0,0.7948477123306051,0.20515228766939486,0.2079343365253078,97657.23000000003,12.720150478796166,0.07113543091655267,0.411663807890223,4.796740994854202,9.11656067446502,0.9252858637569598,54.62,66.2381719406621
SUP-002,Supplier 2,WH-MAD,Madrid Regional Hub,Pet Care,25137.0,17310.0,7827.0,0.6886263277240721,0.31137367227592794,0.31326949384404923,512668.5,8.603064295485636,0.016415868673050615,0.411663807890223,4.796740994854202,9.11656067446502,0.9252858637569598,54.62,66.04144354692203
SUP-002,Supplier 2,WH-LYON,Lyon EU Gateway,Pet Care,18911.0,12835.0,6076.0,0.6787055153085506,0.32129448469144944,0.3228454172366621,397978.0,10.548454172366633,0.027359781121751026,0.411663807890223,4.796740994854202,9.11656067446502,0.9252858637569598,54.62,65.92868564487004
SUP-001,Supplier 1,WH-PORTO,Porto Distribution Center,Frozen,49004.0,40176.0,8828.0,0.8198514406987185,0.18014855930128154,0.19151846785225718,83512.87999999998,8.469999999999988,0.06976744186046512,0.4570912375790424,4.511291779584463,9.117734213923487,0.9231658609230952,52.28,65.6475594984186
SUP-003,Supplier 3,WH-LIS,Lisbon Distribution Center,Pet Care,122630.0,108425.0,14205.0,0.88416374459757,0.11583625540243007,0.07606019151846785,668863.8600000003,41.51120656634747,0.3972640218878249,0.4841628959276018,4.852941176470588,10.512854451152574,0.9258043387914554,51.82,65.50305352871348
SUP-002,Supplier 2,WH-LYON,Lyon EU Gateway,Dairy,17815.0,13074.0,4741.0,0.7338759472354757,0.2661240527645243,0.26265389876880985,100935.88999999997,12.225266757865942,0.05198358413132695,0.411663807890223,4.796740994854202,9.11656067446502,0.9252858637569598,54.62,65.48783563725308
SUP-002,Supplier 2,WH-PORTO,Porto Distribution Center,Pet Care,20471.0,15910.0,4561.0,0.7771970104049631,0.2228029895950369,0.22298221614227087,298745.5,11.425417236662113,0.023255813953488372,0.411663807890223,4.796740994854202,9.11656067446502,0.9252858637569598,54.62,65.28821095813953
SUP-003,Supplier 3,WH-LIS,Lisbon Distribution Center,Dairy,27882.0,21894.0,5988.0,0.785237787820099,0.21476221217990102,0.23255813953488372,37544.76,12.505458276333789,0.06839945280437756,0.4841628959276018,4.852941176470588,10.512854451152574,0.9258043387914554,51.82,65.2801929601751
SUP-002,Supplier 2,WH-LIS,Lisbon Distribution Center,Pet Care,24317.0,20226.0,4091.0,0.8317637866513139,0.1682362133486861,0.18194254445964433,267960.5,13.663023255813954,0.07660738714090287,0.411663807890223,4.796740994854202,9.11656067446502,0.9252858637569598,54.62,65.18316603651365
SUP-001,Supplier 1,WH-LYON,Lyon EU Gateway,Beverages,22920.0,19802.0,3118.0,0.8639616055846422,0.13603839441535776,0.1326949384404925,56387.46000000002,26.756080711354308,0.3016415868673051,0.4570912375790424,4.511291779584463,9.117734213923487,0.9231658609230952,52.28,65.11537932302573
SUP-003,Supplier 3,WH-LYON,Lyon EU Gateway,Snacks,14675.0,11568.0,3107.0,0.7882793867120954,0.2117206132879046,0.19562243502051985,68882.19,19.014049247606025,0.046511627906976744,0.4841628959276018,4.852941176470588,10.512854451152574,0.9258043387914554,51.82,64.55509962827907
SUP-003,Supplier 3,WH-PORTO,Porto Distribution Center,Dairy,23173.0,16604.0,6569.0,0.7165235403271049,0.2834764596728952,0.2872777017783858,41187.629999999976,11.40689466484266,0.03967168262653899,0.4841628959276018,4.852941176470588,10.512854451152574,0.9258043387914554,51.82,64.14856792906156
SUP-002,Supplier 2,WH-MAD,Madrid Regional Hub,Dairy,19040.0,14488.0,4552.0,0.7609243697478991,0.23907563025210085,0.2448700410396717,96912.08000000003,11.315389876880984,0.016415868673050615,0.411663807890223,4.796740994854202,9.11656067446502,0.9252858637569598,54.62,64.04581273092202
SUP-003,Supplier 3,WH-LIS,Lisbon Distribution Center,Household,85289.0,75260.0,10029.0,0.8824115653835782,0.11758843461642181,0.08618331053351573,191677.03000000006,44.77965116279067,0.46443228454172364,0.4841628959276018,4.852941176470588,10.512854451152574,0.9258043387914554,51.82,63.867118291331224
SUP-003,Supplier 3,WH-PORTO,Porto Distribution Center,Snacks,16747.0,13574.0,3173.0,0.8105332298322088,0.18946677016779126,0.19151846785225718,70345.41000000002,17.48890560875514,0.013679890560875513,0.4841628959276018,4.852941176470588,10.512854451152574,0.9258043387914554,51.82,63.24885359043502
SUP-003,Supplier 3,WH-MAD,Madrid Regional Hub,Snacks,20759.0,16102.0,4657.0,0.7756635676092297,0.22433643239077028,0.20656634746922026,103245.69,13.887824897400826,0.0,0.4841628959276018,4.852941176470588,10.512854451152574,0.9258043387914554,51.82,62.859579312
SUP-003,Supplier 3,WH-MAD,Madrid Regional Hub,Dairy,24284.0,16603.0,7681.0,0.6837012024378192,0.3162987975621809,0.3228454172366621,48159.86999999999,9.565978112175108,0.0027359781121751026,0.4841628959276018,4.852941176470588,10.512854451152574,0.9258043387914554,51.82,62.70460650048699
SUP-001,Supplier 1,WH-LYON,Lyon EU Gateway,Frozen,47857.0,39770.0,8087.0,0.8310174060221075,0.16898259397789248,0.18194254445964433,76503.01999999995,8.047989056087555,0.04103967168262654,0.4570912375790424,4.511291779584463,9.117734213923487,0.9231658609230952,52.28,62.50615140381929
SUP-001,Supplier 1,WH-MAD,Madrid Regional Hub,Beverages,29820.0,25785.0,4035.0,0.8646881287726358,0.13531187122736418,0.1347469220246238,63246.5,21.878885088919272,0.21819425444596444,0.4570912375790424,4.511291779584463,9.117734213923487,0.9231658609230952,52.28,61.584379981907446
SUP-004,Supplier 4,WH-MAD,Madrid Regional Hub,Health,69115.0,59842.0,9273.0,0.8658323084713883,0.13416769152861174,0.09097127222982217,943005.1099999998,20.413351573187406,0.1744186046511628,0.488456865127582,1.827460510328068,3.669616203341277,0.9841448808738013,33.61,59.966228300725724
SUP-001,Supplier 1,WH-MAD,Madrid Regional Hub,Frozen,53706.0,45244.0,8462.0,0.8424384612520016,0.15756153874799836,0.16415868673050615,80050.52,7.720177838577296,0.02188782489740082,0.4570912375790424,4.511291779584463,9.117734213923487,0.9231658609230952,52.28,59.72669571376241
SUP-002,Supplier 2,WH-LYON,Lyon EU Gateway,Beverages,4771.0,4271.0,500.0,0.8952001676797318,0.1047998323202683,0.106703146374829,4685.000000000001,50.80132694938437,0.5266757865937073,0.411663807890223,4.796740994854202,9.11656067446502,0.9252858637569598,54.62,59.550880277416795
SUP-001,Supplier 1,WH-LIS,Lisbon Distribution Center,Beverages,33442.0,29047.0,4395.0,0.8685784343041684,0.13142156569583158,0.1409028727770178,64101.4,20.248727770177826,0.1853625170998632,0.4570912375790424,4.511291779584463,9.117734213923487,0.9231658609230952,52.28,59.06489673158658
SUP-003,Supplier 3,WH-LIS,Lisbon Distribution Center,Snacks,20870.0,17773.0,3097.0,0.8516051748921898,0.14839482510781024,0.14774281805745554,68660.49000000002,17.81134062927496,0.025991792065663474,0.4841628959276018,4.852941176470588,10.512854451152574,0.9258043387914554,51.82,57.900520957056386
SUP-007,Supplier 7,WH-MAD,Madrid Regional Hub,Pet Care,51250.0,42576.0,8674.0,0.8307512195121951,0.16924878048780487,0.11627906976744186,325761.14,13.432428180574554,0.002051983584131327,0.530625,1.47875,3.444738796372593,0.9836668753274892,30.67,57.86840490208613
SUP-003,Supplier 3,WH-LIS,Lisbon Distribution Center,Frozen,149835.0,130815.0,19020.0,0.8730603664030433,0.12693963359695665,0.11730506155950753,359851.14999999973,19.605591655266757,0.14671682626538987,0.4841628959276018,4.852941176470588,10.512854451152574,0.9258043387914554,51.82,57.45228902300211
SUP-001,Supplier 1,WH-PORTO,Porto Distribution Center,Beverages,26705.0,23688.0,3017.0,0.8870249017038008,0.11297509829619921,0.11901504787961696,56159.94000000002,25.01985636114913,0.26812585499316005,0.4570912375790424,4.511291779584463,9.117734213923487,0.9231658609230952,52.28,56.59841027054393
SUP-003,Supplier 3,WH-LIS,Lisbon Distribution Center,Health,57979.0,52649.0,5330.0,0.9080701633350006,0.09192983666499939,0.05129958960328317,324596.99999999994,96.74987688098504,0.4521203830369357,0.4841628959276018,4.852941176470588,10.512854451152574,0.9258043387914554,51.82,56.522459229110936
SUP-002,Supplier 2,WH-PORTO,Porto Distribution Center,Beverages,4757.0,4313.0,444.0,0.9066638637796931,0.09333613622030691,0.09712722298221614,4160.279999999999,52.00957592339256,0.5362517099863201,0.411663807890223,4.796740994854202,9.11656067446502,0.9252858637569598,54.62,55.98187839031771
SUP-007,Supplier 7,WH-LYON,Lyon EU Gateway,Beverages,67860.0,57971.0,9889.0,0.8542735042735042,0.14572649572649574,0.0953032375740994,108979.80000000008,16.93089831281349,0.09165526675786594,0.530625,1.47875,3.444738796372593,0.9836668753274892,30.67,55.66044571411333
SUP-001,Supplier 1,WH-PORTO,Porto Distribution Center,Snacks,109016.0,96047.0,12969.0,0.8810358112570632,0.11896418874293682,0.11491108071135431,152350.02,17.320132238942097,0.13132694938440492,0.4570912375790424,4.511291779584463,9.117734213923487,0.9231658609230952,52.28,53.4514390136232
SUP-002,Supplier 2,WH-MAD,Madrid Regional Hub,Frozen,53824.0,47909.0,5915.0,0.8901047859690844,0.10989521403091558,0.08549931600547196,147558.99,23.111272229822173,0.18399452804377564,0.411663807890223,4.796740994854202,9.11656067446502,0.9252858637569598,54.62,53.181686416702554
SUP-001,Supplier 1,WH-LYON,Lyon EU Gateway,Snacks,96894.0,84981.0,11913.0,0.8770512106012757,0.12294878939872438,0.13041495668034656,138839.65,15.207282261741902,0.07523939808481532,0.4570912375790424,4.511291779584463,9.117734213923487,0.9231658609230952,52.28,52.382740722995756
SUP-005,Supplier 5,WH-LYON,Lyon EU Gateway,Health,71241.0,62584.0,8657.0,0.8784828960851195,0.12151710391488048,0.07797537619699042,411874.2200000002,19.37609439124489,0.1210670314637483,0.4818986323411102,2.1407884151246983,4.414949829671381,0.9835889913480902,36.37,51.898998732512744
SUP-001,Supplier 1,WH-LYON,Lyon EU Gateway,Dairy,37559.0,34504.0,3055.0,0.9186613062115605,0.08133869378843953,0.07934336525307797,47438.759999999966,43.71149566803469,0.3907888736890105,0.4570912375790424,4.511291779584463,9.117734213923487,0.9231658609230952,52.28,51.620632396408276
SUP-007,Supplier 7,WH-MAD,Madrid Regional Hub,Beverages,84000.0,73220.0,10780.0,0.8716666666666667,0.12833333333333333,0.08481532147742818,123133.8,17.911035111719112,0.12175102599179206,0.530625,1.47875,3.444738796372593,0.9836668753274892,30.67,51.5210092055976
SUP-001,Supplier 1,WH-PORTO,Porto Distribution Center,Dairy,38761.0,35602.0,3159.0,0.9185005546812518,0.08149944531874823,0.06201550387596899,50230.420000000006,46.68674418604654,0.3848609211126311,0.4570912375790424,4.511291779584463,9.117734213923487,0.9231658609230952,52.28,51.446925848560255
SUP-001,Supplier 1,WH-MAD,Madrid Regional Hub,Dairy,45136.0,41211.0,3925.0,0.9130405884438143,0.08695941155618575,0.07113543091655267,67900.1,39.163442772457834,0.3178294573643411,0.4570912375790424,4.511291779584463,9.117734213923487,0.9231658609230952,52.28,50.54913792538699
SUP-001,Supplier 1,WH-LIS,Lisbon Distribution Center,Frozen,65074.0,57056.0,8018.0,0.8767864277591665,0.12321357224083351,0.13406292749658003,75850.28000000001,8.411723666210674,0.025991792065663474,0.4570912375790424,4.511291779584463,9.117734213923487,0.9231658609230952,52.28,50.19286439044141
SUP-002,Supplier 2,WH-LIS,Lisbon Distribution Center,Frozen,61866.0,56552.0,5314.0,0.914104677852132,0.08589532214786798,0.05198358413132695,130118.34,28.02728454172368,0.26744186046511625,0.411663807890223,4.796740994854202,9.11656067446502,0.9252858637569598,54.62,48.96923156327469
SUP-002,Supplier 2,WH-LIS,Lisbon Distribution Center,Personal Care,111697.0,102462.0,9235.0,0.9173209665434165,0.08267903345658344,0.07181942544459645,349759.76999999996,32.548153214774295,0.2606019151846785,0.411663807890223,4.796740994854202,9.11656067446502,0.9252858637569598,54.62,48.74928946765754
SUP-005,Supplier 5,WH-LYON,Lyon EU Gateway,Pet Care,59044.0,51491.0,7553.0,0.8720784499695142,0.12792155003048575,0.10738714090287278,329570.4699999999,10.571709986320105,0.0,0.4818986323411102,2.1407884151246983,4.414949829671381,0.9835889913480902,36.37,48.65375382104002
SUP-001,Supplier 1,WH-LIS,Lisbon Distribution Center,Snacks,128878.0,116952.0,11926.0,0.9074628718633125,0.09253712813668741,0.10442316461468308,129765.94000000003,19.29618787049702,0.20428636570907432,0.4570912375790424,4.511291779584463,9.117734213923487,0.9231658609230952,52.28,48.03965989399907
SUP-005,Supplier 5,WH-MAD,Madrid Regional Hub,Pet Care,81709.0,71668.0,10041.0,0.877112680365688,0.12288731963431201,0.10465116279069768,442434.67000000004,11.062694938440481,0.0,0.4818986323411102,2.1407884151246983,4.414949829671381,0.9835889913480902,36.37,47.629296968897066
SUP-004,Supplier 4,WH-PORTO,Porto Distribution Center,Health,65710.0,59418.0,6292.0,0.9042459290823315,0.09575407091766855,0.06566347469220246,640240.6699999998,21.745383036935703,0.18673050615595074,0.488456865127582,1.827460510328068,3.669616203341277,0.9841448808738013,33.61,47.054530858846014
SUP-007,Supplier 7,WH-LYON,Lyon EU Gateway,Pet Care,40785.0,35626.0,5159.0,0.8735074169425033,0.12649258305749664,0.09439124487004104,193450.98999999993,13.94190834473325,0.005471956224350205,0.530625,1.47875,3.444738796372593,0.9836668753274892,30.67,46.6346910633063
SUP-002,Supplier 2,WH-MAD,Madrid Regional Hub,Beverages,5285.0,4957.0,328.0,0.9379375591296121,0.06206244087038789,0.0560875512995896,3073.3599999999997,46.830601915184694,0.48700410396716826,0.411663807890223,4.796740994854202,9.11656067446502,0.9252858637569598,54.62,46.247067065454026
SUP-004,Supplier 4,WH-LYON,Lyon EU Gateway,Snacks,71173.0,62343.0,8830.0,0.8759360993635227,0.12406390063647732,0.1409028727770178,179447.3,8.989835841313282,0.0,0.488456865127582,1.827460510328068,3.669616203341277,0.9841448808738013,33.61,46.18100501579295
SUP-004,Supplier 4,WH-PORTO,Porto Distribution Center,Dairy,13593.0,11875.0,1718.0,0.8736114176414331,0.1263885823585669,0.12448700410396717,15444.82000000001,12.686648426812582,0.0,0.488456865127582,1.827460510328068,3.669616203341277,0.9841448808738013,33.61,46.11702742533192
SUP-004,Supplier 4,WH-MAD,Madrid Regional Hub,Snacks,92630.0,81848.0,10782.0,0.8836014250242902,0.11639857497570981,0.1265389876880985,219136.58999999997,9.255608755129957,0.0013679890560875513,0.488456865127582,1.827460510328068,3.669616203341277,0.9841448808738013,33.61,44.04146518668656
SUP-007,Supplier 7,WH-LYON,Lyon EU Gateway,Dairy,74876.0,66971.0,7905.0,0.8944254500774614,0.10557454992253859,0.06155950752393981,85996.52,18.80294117647059,0.11035111719106247,0.530625,1.47875,3.444738796372593,0.9836668753274892,30.67,43.80624351509895
SUP-002,Supplier 2,WH-LIS,Lisbon Distribution Center,Beverages,6901.0,6537.0,364.0,0.9472540211563542,0.05274597884364585,0.0560875512995896,3410.6800000000003,41.54487004103967,0.45690834473324216,0.411663807890223,4.796740994854202,9.11656067446502,0.9252858637569598,54.62,43.350231348689825
SUP-004,Supplier 4,WH-MAD,Madrid Regional Hub,Dairy,14528.0,12836.0,1692.0,0.8835352422907489,0.1164647577092511,0.12311901504787962,15211.079999999994,11.28370725034202,0.0,0.488456865127582,1.827460510328068,3.669616203341277,0.9841448808738013,33.61,43.02849336021146
SUP-007,Supplier 7,WH-PORTO,Porto Distribution Center,Beverages,81289.0,73350.0,7939.0,0.9023361094367012,0.09766389056329884,0.06703146374829001,87236.15,20.275271317829468,0.14728682170542637,0.530625,1.47875,3.444738796372593,0.9836668753274892,30.67,42.82852789679891
SUP-007,Supplier 7,WH-PORTO,Porto Distribution Center,Pet Care,45744.0,40759.0,4985.0,0.8910239594263728,0.10897604057362714,0.08823529411764706,186807.84999999992,15.677626538987685,0.023939808481532147,0.530625,1.47875,3.444738796372593,0.9836668753274892,30.67,41.89192708661197
SUP-001,Supplier 1,WH-MAD,Madrid Regional Hub,Snacks,115779.0,105342.0,10437.0,0.9098541186225482,0.09014588137745187,0.10351117191062471,114179.99,14.871121751025987,0.07067943456452348,0.4570912375790424,4.511291779584463,9.117734213923487,0.9231658609230952,52.28,41.87662665201041
SUP-001,Supplier 1,WH-PORTO,Porto Distribution Center,Health,9663.0,9104.0,559.0,0.9421504708682604,0.05784952913173962,0.06155950752393981,7876.309999999998,32.52960328317373,0.3173734610123119,0.4570912375790424,4.511291779584463,9.117734213923487,0.9231658609230952,52.28,41.186376013922576
SUP-001,Supplier 1,WH-MAD,Madrid Regional Hub,Health,10206.0,9544.0,662.0,0.9351361943954537,0.06486380560454634,0.06566347469220246,9327.58,30.348549931600548,0.2558139534883721,0.4570912375790424,4.511291779584463,9.117734213923487,0.9231658609230952,52.28,40.91318115606042
SUP-005,Supplier 5,WH-MAD,Madrid Regional Hub,Frozen,12428.0,11116.0,1312.0,0.8944319279047312,0.10556807209526875,0.11354309165526676,31055.039999999997,13.761778385772915,0.0,0.4818986323411102,2.1407884151246983,4.414949829671381,0.9835889913480902,36.37,40.26646439941694
SUP-002,Supplier 2,WH-PORTO,Porto Distribution Center,Frozen,49005.0,46017.0,2988.0,0.9390266299357208,0.06097337006427916,0.04719562243502052,73886.43000000002,26.61309849521203,0.24623803009575923,0.411663807890223,4.796740994854202,9.11656067446502,0.9252858637569598,54.62,40.09766897671722
SUP-001,Supplier 1,WH-LIS,Lisbon Distribution Center,Dairy,47283.0,44842.0,2441.0,0.9483746801175899,0.05162531988241017,0.045599635202918376,42088.880000000005,38.81816689466483,0.31326949384404923,0.4570912375790424,4.511291779584463,9.117734213923487,0.9231658609230952,52.28,39.25001700784513
SUP-005,Supplier 5,WH-MAD,Madrid Regional Hub,Health,96972.0,89774.0,7198.0,0.9257723879057872,0.07422761209421276,0.05129958960328317,343152.87999999983,21.19197674418604,0.1538987688098495,0.4818986323411102,2.1407884151246983,4.414949829671381,0.9835889913480902,36.37,38.170119450149066
SUP-004,Supplier 4,WH-LYON,Lyon EU Gateway,Dairy,13270.0,11932.0,1338.0,0.8991710625470987,0.10082893745290128,0.09986320109439124,12028.62,13.26683994528044,0.0,0.488456865127582,1.827460510328068,3.669616203341277,0.9841448808738013,33.61,38.148740139124854
SUP-005,Supplier 5,WH-PORTO,Porto Distribution Center,Pet Care,67415.0,61029.0,6386.0,0.9052733071274939,0.09472669287250612,0.06908344733242135,274156.22,13.42422708618333,0.0013679890560875513,0.4818986323411102,2.1407884151246983,4.414949829671381,0.9835889913480902,36.37,38.11519608968985
SUP-001,Supplier 1,WH-MAD,Madrid Regional Hub,Household,33613.0,31420.0,2193.0,0.9347573855353584,0.06524261446464166,0.060191518467852256,146492.4,19.23875512995897,0.16552667578659372,0.4570912375790424,4.511291779584463,9.117734213923487,0.9231658609230952,52.28,38.077932829352264
SUP-005,Supplier 5,WH-LYON,Lyon EU Gateway,Frozen,10225.0,9245.0,980.0,0.9041564792176039,0.0958435207823961,0.1012311901504788,23196.6,13.684733242134062,0.0,0.4818986323411102,2.1407884151246983,4.414949829671381,0.9835889913480902,36.37,37.20332792341212
SUP-006,Supplier 6,WH-LYON,Lyon EU Gateway,Dairy,3865.0,3694.0,171.0,0.9557567917205693,0.04424320827943079,0.038303693570451436,2623.14,45.2847469220246,0.4952120383036936,0.4965034965034965,2.202797202797203,4.626756933818412,0.9840538443664664,36.43,37.063144758934015
SUP-007,Supplier 7,WH-MAD,Madrid Regional Hub,Personal Care,23049.0,20909.0,2140.0,0.9071543233979782,0.09284567660202178,0.10807113543091655,106550.59999999999,8.838084815321471,0.0,0.530625,1.47875,3.444738796372593,0.9836668753274892,30.67,35.53076448951789
SUP-001,Supplier 1,WH-LYON,Lyon EU Gateway,Pet Care,27508.0,26317.0,1191.0,0.9567035044350735,0.04329649556492657,0.03898768809849521,39541.36,32.1159575923393,0.2708618331053352,0.4570912375790424,4.511291779584463,9.117734213923487,0.9231658609230952,52.28,34.950292694635
SUP-003,Supplier 3,WH-MAD,Madrid Regional Hub,Beverages,9971.0,9702.0,269.0,0.9730217631130278,0.02697823688697222,0.03146374829001368,9336.99,57.77694938440496,0.6292749658002736,0.4841628959276018,4.852941176470588,10.512854451152574,0.9258043387914554,51.82,34.80204680572469
SUP-001,Supplier 1,WH-LYON,Lyon EU Gateway,Health,7849.0,7644.0,205.0,0.9738820231876673,0.026117976812332782,0.025991792065663474,2888.45,40.88142270861835,0.42544459644322846,0.4570912375790424,4.511291779584463,9.117734213923487,0.9231658609230952,52.28,34.595457346059085
SUP-001,Supplier 1,WH-PORTO,Porto Distribution Center,Pet Care,29924.0,28835.0,1089.0,0.9636078064429889,0.03639219355701109,0.03761969904240766,37863.16000000001,34.90629274965798,0.30984952120383036,0.4570912375790424,4.511291779584463,9.117734213923487,0.9231658609230952,52.28,34.353739789445555
SUP-001,Supplier 1,WH-LIS,Lisbon Distribution Center,Health,10482.0,10075.0,407.0,0.961171532150353,0.03882846784964701,0.04240766073871409,5734.63,31.562243502052013,0.2777017783857729,0.4570912375790424,4.511291779584463,9.117734213923487,0.9231658609230952,52.28,33.67156513487666
SUP-010,Supplier 10,WH-MAD,Madrid Regional Hub,Frozen,40007.0,36267.0,3740.0,0.9065163596370636,0.09348364036293648,0.1094391244870041,25095.4,5.954883720930229,0.0,0.6248256624825662,0.799163179916318,2.135605231601332,0.9832077043601778,22.28,33.660257144024676
SUP-005,Supplier 5,WH-LIS,Lisbon Distribution Center,Pet Care,93038.0,86151.0,6887.0,0.9259764827274877,0.0740235172725123,0.06155950752393981,296426.59,14.781901504787953,0.011627906976744186,0.4818986323411102,2.1407884151246983,4.414949829671381,0.9835889913480902,36.37,32.1915026180736
SUP-006,Supplier 6,WH-LYON,Lyon EU Gateway,Frozen,2451.0,2384.0,67.0,0.9726642186862505,0.02733578131374949,0.028727770177838577,2411.33,64.9607250341997,0.6196990424076607,0.4965034965034965,2.202797202797203,4.626756933818412,0.9840538443664664,36.43,31.80203968161095
SUP-003,Supplier 3,WH-LIS,Lisbon Distribution Center,Beverages,10363.0,10186.0,177.0,0.9829200038598861,0.017079996140113865,0.013679890560875513,6143.67,53.543789329685374,0.5978112175102599,0.4841628959276018,4.852941176470588,10.512854451152574,0.9258043387914554,51.82,31.707266192924322
SUP-006,Supplier 6,WH-LIS,Lisbon Distribution Center,Frozen,3215.0,3129.0,86.0,0.9732503888024884,0.026749611197511663,0.03146374829001368,3095.1400000000003,53.57515731874146,0.573187414500684,0.4965034965034965,2.202797202797203,4.626756933818412,0.9840538443664664,36.43,31.622957933448077
SUP-006,Supplier 6,WH-PORTO,Porto Distribution Center,Beverages,25817.0,24585.0,1232.0,0.9522795057520239,0.04772049424797614,0.047879616963064295,16003.679999999998,19.88387140902873,0.23529411764705882,0.4965034965034965,2.202797202797203,4.626756933818412,0.9840538443664664,36.43,31.62095835814159
SUP-004,Supplier 4,WH-LIS,Lisbon Distribution Center,Health,77688.0,73671.0,4017.0,0.9482931726907631,0.051706827309236945,0.03488372093023256,408771.46000000014,21.720444596443226,0.16963064295485636,0.488456865127582,1.827460510328068,3.669616203341277,0.9841448808738013,33.61,31.555897222401303
SUP-003,Supplier 3,WH-LYON,Lyon EU Gateway,Beverages,8381.0,8246.0,135.0,0.9838921369764945,0.016107863023505548,0.023255813953488372,4685.850000000001,57.03145006839944,0.6169630642954856,0.4841628959276018,4.852941176470588,10.512854451152574,0.9258043387914554,51.82,31.397827242868388
SUP-001,Supplier 1,WH-PORTO,Porto Distribution Center,Household,32536.0,31944.0,592.0,0.9818047701008115,0.018195229899188592,0.019151846785225718,39545.6,25.86837209302324,0.3761969904240766,0.4570912375790424,4.511291779584463,9.117734213923487,0.9231658609230952,52.28,31.354436687821728
SUP-005,Supplier 5,WH-LIS,Lisbon Distribution Center,Health,94019.0,91031.0,2988.0,0.9682191897382444,0.0317808102617556,0.023255813953488372,142388.05,26.992045143638858,0.3290013679890561,0.4818986323411102,2.1407884151246983,4.414949829671381,0.9835889913480902,36.37,31.004880552108432
SUP-005,Supplier 5,WH-MAD,Madrid Regional Hub,Personal Care,35497.0,32857.0,2640.0,0.9256275178184072,0.07437248218159281,0.08207934336525308,88915.20000000001,11.32459644322844,0.0013679890560875513,0.4818986323411102,2.1407884151246983,4.414949829671381,0.9835889913480902,36.37,30.89361808985015
SUP-008,Supplier 8,WH-LYON,Lyon EU Gateway,Snacks,27098.0,24948.0,2150.0,0.9206583511698281,0.07934164883017197,0.08481532147742818,32916.50000000001,8.459316005471958,0.0,0.5422453703703703,1.4693287037037035,3.281484450636382,0.9834985158726166,29.78,30.798067724942385
SUP-005,Supplier 5,WH-PORTO,Porto Distribution Center,Personal Care,28766.0,26695.0,2071.0,0.928005284015852,0.07199471598414796,0.07250341997264022,69751.28,14.217222982216146,0.015047879616963064,0.4818986323411102,2.1407884151246983,4.414949829671381,0.9835889913480902,36.37,30.609077412635667
SUP-004,Supplier 4,WH-PORTO,Porto Distribution Center,Snacks,84101.0,77893.0,6208.0,0.9261839930559684,0.07381600694403158,0.07523939808481532,126386.66000000002,11.5265389876881,0.006155950752393981,0.488456865127582,1.827460510328068,3.669616203341277,0.9841448808738013,33.61,30.53987393623892
SUP-006,Supplier 6,WH-PORTO,Porto Distribution Center,Dairy,4418.0,4316.0,102.0,0.9769126301493889,0.023087369850611137,0.02051983584131327,1564.6800000000003,38.951409028727745,0.4131326949384405,0.4965034965034965,2.202797202797203,4.626756933818412,0.9840538443664664,36.43,30.476247750856793
SUP-006,Supplier 6,WH-MAD,Madrid Regional Hub,Dairy,4512.0,4409.0,103.0,0.9771719858156028,0.022828014184397165,0.02051983584131327,1580.02,37.790834473324225,0.40355677154582764,0.4965034965034965,2.202797202797203,4.626756933818412,0.9840538443664664,36.43,30.39563295336801
SUP-001,Supplier 1,WH-LIS,Lisbon Distribution Center,Pet Care,35487.0,34795.0,692.0,0.9804999013723336,0.019500098627666468,0.027359781121751026,30448.0,37.06079343365254,0.34199726402188785,0.4570912375790424,4.511291779584463,9.117734213923487,0.9231658609230952,52.28,30.34873831170508
SUP-001,Supplier 1,WH-MAD,Madrid Regional Hub,Pet Care,31674.0,30384.0,1290.0,0.9592725895055881,0.04072741049441182,0.043091655266757865,50562.82999999999,28.339630642954877,0.17373461012311903,0.4570912375790424,4.511291779584463,9.117734213923487,0.9231658609230952,52.28,30.318835920519554
SUP-010,Supplier 10,WH-PORTO,Porto Distribution Center,Frozen,36011.0,33034.0,2977.0,0.9173308155841271,0.08266918441587293,0.09986320109439124,19975.67,6.716662106703149,0.0,0.6248256624825662,0.799163179916318,2.135605231601332,0.9832077043601778,22.28,30.271185034271575
SUP-006,Supplier 6,WH-MAD,Madrid Regional Hub,Frozen,3327.0,3253.0,74.0,0.9777577397054403,0.022242260294559665,0.023255813953488372,2663.26,50.678372093023306,0.5430916552667578,0.4965034965034965,2.202797202797203,4.626756933818412,0.9840538443664664,36.43,30.218597961863008
SUP-008,Supplier 8,WH-MAD,Madrid Regional Hub,Snacks,28965.0,26749.0,2216.0,0.9234938719143794,0.07650612808562057,0.08344733242134063,33926.95999999999,9.11889192886456,0.0,0.5422453703703703,1.4693287037037035,3.281484450636382,0.9834985158726166,29.78,29.92075592352641
SUP-001,Supplier 1,WH-LYON,Lyon EU Gateway,Household,27400.0,26719.0,681.0,0.9751459854014598,0.024854014598540145,0.03283173734610123,45490.799999999996,22.30414500683995,0.2612859097127223,0.4570912375790424,4.511291779584463,9.117734213923487,0.9231658609230952,52.28,28.858152325832503
SUP-001,Supplier 1,WH-LIS,Lisbon Distribution Center,Household,39718.0,39507.0,211.0,0.994687547207815,0.005312452792184903,0.006839945280437756,14094.8,28.911874145006816,0.466484268125855,0.4570912375790424,4.511291779584463,9.117734213923487,0.9231658609230952,52.28,28.176418130901975
SUP-007,Supplier 7,WH-MAD,Madrid Regional Hub,Dairy,93130.0,87519.0,5611.0,0.9397508858584774,0.060249114141522606,0.03875968992248062,60864.03000000002,18.44463748290016,0.07478340173278614,0.530625,1.47875,3.444738796372593,0.9836668753274892,30.67,28.161652257340698
SUP-005,Supplier 5,WH-LYON,Lyon EU Gateway,Personal Care,26295.0,24557.0,1738.0,0.9339037839893516,0.06609621601064841,0.07934336525307797,58535.84,9.953515731874147,0.0,0.4818986323411102,2.1407884151246983,4.414949829671381,0.9835889913480902,36.37,28.118239235312842
SUP-007,Supplier 7,WH-LIS,Lisbon Distribution Center,Beverages,94237.0,89902.0,4335.0,0.9539989600687628,0.0460010399312372,0.033287733698130414,47242.80000000001,23.902102143182834,0.18467852257181944,0.530625,1.47875,3.444738796372593,0.9836668753274892,30.67,28.05934098814657
SUP-005,Supplier 5,WH-PORTO,Porto Distribution Center,Health,80617.0,78122.0,2495.0,0.9690511926764827,0.03094880732351737,0.019151846785225718,119061.40000000002,25.22151846785225,0.25991792065663477,0.4818986323411102,2.1407884151246983,4.414949829671381,0.9835889913480902,36.37,27.87072938024857
SUP-008,Supplier 8,WH-LYON,Lyon EU Gateway,Frozen,111296.0,103859.0,7437.0,0.9331781914893617,0.06682180851063829,0.061103511171910624,77302.82999999999,13.821295029639764,0.013679890560875513,0.5422453703703703,1.4693287037037035,3.281484450636382,0.9834985158726166,29.78,27.66325629863361
SUP-006,Supplier 6,WH-LYON,Lyon EU Gateway,Personal Care,13607.0,12727.0,880.0,0.9353274050121261,0.0646725949878739,0.07387140902872777,22862.399999999994,16.139890560875525,0.0,0.4965034965034965,2.202797202797203,4.626756933818412,0.9840538443664664,36.43,27.51610240511633
SUP-006,Supplier 6,WH-MAD,Madrid Regional Hub,Beverages,30109.0,28804.0,1305.0,0.956657477830549,0.043342522169450996,0.049247606019151846,16951.95,18.280930232558152,0.16279069767441862,0.4965034965034965,2.202797202797203,4.626756933818412,0.9840538443664664,36.43,27.36333749747261
SUP-006,Supplier 6,WH-MAD,Madrid Regional Hub,Personal Care,16858.0,15791.0,1067.0,0.9367066081385692,0.06329339186143078,0.06566347469220246,27720.659999999993,17.160314637482905,0.0,0.4965034965034965,2.202797202797203,4.626756933818412,0.9840538443664664,36.43,27.110336636000692
SUP-008,Supplier 8,WH-MAD,Madrid Regional Hub,Frozen,146067.0,136875.0,9192.0,0.9370699747376204,0.06293002526237959,0.05699954400364797,89175.78,14.8633926128591,0.024623803009575923,0.5422453703703703,1.4693287037037035,3.281484450636382,0.9834985158726166,29.78,26.947225946012242
SUP-007,Supplier 7,WH-LYON,Lyon EU Gateway,Health,57260.0,53810.0,3450.0,0.9397485155431365,0.06025148445686343,0.06361149110807114,262508.64,12.474357045143645,0.009575923392612859,0.530625,1.47875,3.444738796372593,0.9836668753274892,30.67,26.521984683173145
SUP-003,Supplier 3,WH-PORTO,Porto Distribution Center,Beverages,8465.0,8465.0,0.0,1.0,0.0,0.0,0.0,64.02146374828993,0.707250341997264,0.4841628959276018,4.852941176470588,10.512854451152574,0.9258043387914554,51.82,26.363999999999997
SUP-005,Supplier 5,WH-LIS,Lisbon Distribution Center,Frozen,13694.0,12858.0,836.0,0.9389513655615598,0.06104863443844019,0.06566347469220246,19788.12,17.715978112175108,0.0,0.4818986323411102,2.1407884151246983,4.414949829671381,0.9835889913480902,36.37,26.361891467959175
SUP-008,Supplier 8,WH-PORTO,Porto Distribution Center,Health,12762.0,12597.0,165.0,0.9870709920075224,0.012929007992477669,0.016415868673050615,7251.749999999999,41.269671682626544,0.399452804377565,0.5422453703703703,1.4693287037037035,3.281484450636382,0.9834985158726166,29.78,25.991278617206763
SUP-010,Supplier 10,WH-LYON,Lyon EU Gateway,Pet Care,9220.0,8586.0,634.0,0.931236442516269,0.06876355748373102,0.06839945280437756,26171.520000000004,12.024952120383029,0.0,0.6248256624825662,0.799163179916318,2.135605231601332,0.9832077043601778,22.28,25.974730068716312
SUP-005,Supplier 5,WH-PORTO,Porto Distribution Center,Frozen,11597.0,10914.0,683.0,0.9411054583081832,0.05889454169181685,0.06155950752393981,16166.609999999993,15.926251709986316,0.0,0.4818986323411102,2.1407884151246983,4.414949829671381,0.9835889913480902,36.37,25.6743460321208
SUP-006,Supplier 6,WH-LIS,Lisbon Distribution Center,Beverages,29482.0,29113.0,369.0,0.9874838884743233,0.012516111525676684,0.012311901504787962,4793.31,24.44429548563612,0.35841313269493846,0.4965034965034965,2.202797202797203,4.626756933818412,0.9840538443664664,36.43,25.539434559341395
SUP-008,Supplier 8,WH-MAD,Madrid Regional Hub,Pet Care,40377.0,38164.0,2213.0,0.9451915694578596,0.054808430542140324,0.06155950752393981,51430.119999999995,14.23117647058823,0.038303693570451436,0.5422453703703703,1.4693287037037035,3.281484450636382,0.9834985158726166,29.78,24.786524043039496
SUP-008,Supplier 8,WH-LYON,Lyon EU Gateway,Pet Care,35224.0,33144.0,2080.0,0.9409493527140586,0.0590506472859414,0.06155950752393981,48339.2,13.378508891928863,0.005471956224350205,0.5422453703703703,1.4693287037037035,3.281484450636382,0.9834985158726166,29.78,24.778218897933566
SUP-008,Supplier 8,WH-LYON,Lyon EU Gateway,Health,12050.0,11814.0,236.0,0.9804149377593361,0.0195850622406639,0.022571819425444596,10372.2,34.969302325581396,0.3166894664842681,0.5422453703703703,1.4693287037037035,3.281484450636382,0.9834985158726166,29.78,24.766495694243943
SUP-007,Supplier 7,WH-LYON,Lyon EU Gateway,Personal Care,19069.0,17955.0,1114.0,0.9415805758036604,0.05841942419633961,0.06976744186046512,55466.06000000001,9.418426812585496,0.0,0.530625,1.47875,3.444738796372593,0.9836668753274892,30.67,24.575169060194547
SUP-006,Supplier 6,WH-LIS,Lisbon Distribution Center,Dairy,4556.0,4538.0,18.0,0.9960491659350307,0.003950834064969272,0.005471956224350205,276.12,42.560642954856384,0.46511627906976744,0.4965034965034965,2.202797202797203,4.626756933818412,0.9840538443664664,36.43,24.516473751768224
SUP-006,Supplier 6,WH-PORTO,Porto Distribution Center,Household,81447.0,80596.0,851.0,0.9895514874703795,0.01044851252962049,0.046511627906976744,18015.670000000006,20.642366621067023,0.3454172366621067,0.4965034965034965,2.202797202797203,4.626756933818412,0.9840538443664664,36.43,24.439813025032876
SUP-006,Supplier 6,WH-MAD,Madrid Regional Hub,Household,80592.0,79225.0,1367.0,0.9830380186619019,0.016961981338098075,0.0560875512995896,38495.39,18.984829001367974,0.28864569083447333,0.4965034965034965,2.202797202797203,4.626756933818412,0.9840538443664664,36.43,24.293666366120565
SUP-008,Supplier 8,WH-LIS,Lisbon Distribution Center,Health,17433.0,17185.0,248.0,0.9857741065794757,0.014225893420524292,0.019835841313269494,10899.6,40.73114911080715,0.3454172366621067,0.5422453703703703,1.4693287037037035,3.281484450636382,0.9834985158726166,29.78,24.250841055091822
SUP-012,Supplier 12,WH-LYON,Lyon EU Gateway,Snacks,75671.0,71024.0,4647.0,0.9385894199891636,0.06141058001083639,0.056543547651618786,102653.46999999996,9.439822161422704,0.0,0.5989660265878878,0.7909896602658789,1.9719236671033027,0.9836145729297842,22.88,24.17425043714911
SUP-006,Supplier 6,WH-LIS,Lisbon Distribution Center,Household,87231.0,86679.0,552.0,0.9936719744127661,0.006328025587233896,0.023939808481532147,11685.839999999997,21.97489056087551,0.3700410396716826,0.4965034965034965,2.202797202797203,4.626756933818412,0.9840538443664664,36.43,24.112452690451182
SUP-006,Supplier 6,WH-PORTO,Porto Distribution Center,Frozen,2909.0,2904.0,5.0,0.998281196287384,0.0017188037126160192,0.0027359781121751026,179.95000000000002,57.910027359781175,0.6019151846785226,0.4965034965034965,2.202797202797203,4.626756933818412,0.9840538443664664,36.43,23.821602692813872
SUP-007,Supplier 7,WH-MAD,Madrid Regional Hub,Health,74643.0,70805.0,3838.0,0.9485819165896333,0.05141808341036668,0.05471956224350205,286294.9,12.752523939808473,0.0047879616963064295,0.530625,1.47875,3.444738796372593,0.9836668753274892,30.67,23.696471048855226
SUP-007,Supplier 7,WH-PORTO,Porto Distribution Center,Personal Care,20673.0,19563.0,1110.0,0.9463067769554492,0.05369322304455086,0.05471956224350205,55266.90000000001,11.667045143638846,0.0,0.530625,1.47875,3.444738796372593,0.9836668753274892,30.67,23.103839400526933
SUP-012,Supplier 12,WH-LYON,Lyon EU Gateway,Personal Care,61876.0,58247.0,3629.0,0.9413504428211261,0.05864955717887388,0.09097127222982217,57949.88999999998,6.03049247606019,0.0,0.5989660265878878,0.7909896602658789,1.9719236671033027,0.9836145729297842,22.88,23.100688372094098
SUP-006,Supplier 6,WH-LYON,Lyon EU Gateway,Household,68939.0,67848.0,1091.0,0.9841744150625915,0.015825584937408432,0.057455540355677154,27993.920000000006,20.052708618331057,0.2612859097127223,0.4965034965034965,2.202797202797203,4.626756933818412,0.9840538443664664,36.43,22.795322518369304
SUP-010,Supplier 10,WH-LYON,Lyon EU Gateway,Frozen,36745.0,34597.0,2148.0,0.941543067083957,0.058456932916043,0.08481532147742818,14413.079999999998,5.8859097127223015,0.0,0.6248256624825662,0.799163179916318,2.135605231601332,0.9832077043601778,22.28,22.711784135657826
SUP-005,Supplier 5,WH-LYON,Lyon EU Gateway,Beverages,119709.0,115048.0,4661.0,0.961063913323142,0.03893608667685805,0.0533515731874145,101634.74999999996,12.289211126310985,0.05699954400364797,0.4818986323411102,2.1407884151246983,4.414949829671381,0.9835889913480902,36.37,22.15527774850175
SUP-007,Supplier 7,WH-PORTO,Porto Distribution Center,Snacks,6395.0,6395.0,0.0,1.0,0.0,0.0,0.0,39.18058823529413,0.4117647058823529,0.530625,1.47875,3.444738796372593,0.9836668753274892,30.67,22.134
SUP-007,Supplier 7,WH-LIS,Lisbon Distribution Center,Snacks,8935.0,8935.0,0.0,1.0,0.0,0.0,0.0,45.02558139534882,0.4993160054719562,0.530625,1.47875,3.444738796372593,0.9836668753274892,30.67,22.134
SUP-009,Supplier 9,WH-LYON,Lyon EU Gateway,Health,13839.0,13043.0,796.0,0.942481393164246,0.05751860683575403,0.07797537619699042,23864.07999999999,6.636032831737346,0.0,0.6332254584681769,0.6245954692556634,1.682135155761603,0.9838355500636644,20.45,22.09922526623459
SUP-005,Supplier 5,WH-LIS,Lisbon Distribution Center,Beverages,156234.0,153742.0,2492.0,0.9840495666756276,0.015950433324372414,0.022799817601459188,50527.359999999986,18.08022343821248,0.23985408116735066,0.4818986323411102,2.1407884151246983,4.414949829671381,0.9835889913480902,36.37,22.07305160894322
SUP-004,Supplier 4,WH-LIS,Lisbon Distribution Center,Snacks,104993.0,100122.0,4871.0,0.9536064309049175,0.04639356909508253,0.04514363885088919,99285.37000000002,13.668262653898763,0.009575923392612859,0.488456865127582,1.827460510328068,3.669616203341277,0.9841448808738013,33.61,22.015161541285742
SUP-005,Supplier 5,WH-MAD,Madrid Regional Hub,Beverages,136607.0,131927.0,4680.0,0.96574114064433,0.03425885935566991,0.04103967168262654,109182.09,13.176625626994989,0.08344733242134063,0.4818986323411102,2.1407884151246983,4.414949829671381,0.9835889913480902,36.37,21.794279128395385
SUP-008,Supplier 8,WH-MAD,Madrid Regional Hub,Health,15298.0,15036.0,262.0,0.9828735782455222,0.01712642175447771,0.022571819425444596,11514.900000000001,32.72558823529413,0.2606019151846785,0.5422453703703703,1.4693287037037035,3.281484450636382,0.9834985158726166,29.78,21.763568228780212
SUP-011,Supplier 11,WH-MAD,Madrid Regional Hub,Frozen,1736.0,1721.0,15.0,0.9913594470046083,0.008640552995391706,0.008207934336525308,288.45000000000005,36.33247606019151,0.3857729138166895,0.6807165437302424,0.5374077976817703,1.597692889643002,0.9830040365413214,18.18,21.75647315567833
SUP-005,Supplier 5,WH-PORTO,Porto Distribution Center,Beverages,120947.0,118048.0,2899.0,0.9760308234185222,0.023969176581477836,0.03237574099407205,48799.18,16.157998176014576,0.16233470132238942,0.4818986323411102,2.1407884151246983,4.414949829671381,0.9835889913480902,36.37,21.458701275577567
SUP-011,Supplier 11,WH-LYON,Lyon EU Gateway,Frozen,1431.0,1423.0,8.0,0.9944095038434662,0.005590496156533892,0.005471956224350205,153.84,43.10142270861836,0.4692202462380301,0.6807165437302424,0.5374077976817703,1.597692889643002,0.9830040365413214,18.18,21.376003902921646
SUP-007,Supplier 7,WH-PORTO,Porto Distribution Center,Dairy,92263.0,89325.0,2938.0,0.9681562489838831,0.03184375101611697,0.02051983584131327,32000.43,22.195225718194244,0.12038303693570451,0.530625,1.47875,3.444738796372593,0.9836668753274892,30.67,21.0098683019979
SUP-006,Supplier 6,WH-PORTO,Porto Distribution Center,Personal Care,13080.0,12523.0,557.0,0.9574159021406727,0.042584097859327215,0.038303693570451436,14470.860000000002,19.265512995896025,0.008207934336525308,0.4965034965034965,2.202797202797203,4.626756933818412,0.9840538443664664,36.43,20.9321635021406
SUP-012,Supplier 12,WH-MAD,Madrid Regional Hub,Household,41498.0,40234.0,1264.0,0.969540700756663,0.03045929924333703,0.02188782489740082,43304.64,23.67079343365255,0.1662106703146375,0.5989660265878878,0.7909896602658789,1.9719236671033027,0.9836145729297842,22.88,20.908515515845906
SUP-006,Supplier 6,WH-LYON,Lyon EU Gateway,Beverages,24558.0,23875.0,683.0,0.9721882889486114,0.02781171105138855,0.036935704514363885,8872.17,17.39155950752394,0.11901504787961696,0.4965034965034965,2.202797202797203,4.626756933818412,0.9840538443664664,36.43,20.741720658283345
SUP-012,Supplier 12,WH-LYON,Lyon EU Gateway,Pet Care,61314.0,58222.0,3092.0,0.9495710604429657,0.050428939557034286,0.060191518467852256,31693.0,8.408796169630644,0.004103967168262654,0.5989660265878878,0.7909896602658789,1.9719236671033027,0.9836145729297842,22.88,20.58128850447451
SUP-007,Supplier 7,WH-MAD,Madrid Regional Hub,Snacks,8580.0,8563.0,17.0,0.998018648018648,0.0019813519813519816,0.0027359781121751026,284.58,36.139151846785225,0.3447332421340629,0.530625,1.47875,3.444738796372593,0.9836668753274892,30.67,20.541116285783133
SUP-010,Supplier 10,WH-LYON,Lyon EU Gateway,Personal Care,40604.0,40604.0,0.0,1.0,0.0,0.0,0.0,21.949781121751027,0.5595075239398085,0.6248256624825662,0.799163179916318,2.135605231601332,0.9832077043601778,22.28,20.456000000000003
SUP-010,Supplier 10,WH-MAD,Madrid Regional Hub,Personal Care,46138.0,46138.0,0.0,1.0,0.0,0.0,0.0,21.94805745554034,0.5677154582763337,0.6248256624825662,0.799163179916318,2.135605231601332,0.9832077043601778,22.28,20.456000000000003
SUP-010,Supplier 10,WH-PORTO,Porto Distribution Center,Personal Care,46659.0,46659.0,0.0,1.0,0.0,0.0,0.0,24.672571819425468,0.6429548563611491,0.6248256624825662,0.799163179916318,2.135605231601332,0.9832077043601778,22.28,20.456000000000003
SUP-010,Supplier 10,WH-LIS,Lisbon Distribution Center,Personal Care,60324.0,60324.0,0.0,1.0,0.0,0.0,0.0,29.178372093023274,0.7660738714090287,0.6248256624825662,0.799163179916318,2.135605231601332,0.9832077043601778,22.28,20.456000000000003
SUP-008,Supplier 8,WH-LYON,Lyon EU Gateway,Household,64898.0,62226.0,2672.0,0.9588276988505039,0.04117230114949613,0.057455540355677154,99288.98999999998,13.68230278157772,0.030095759233926128,0.5422453703703703,1.4693287037037035,3.281484450636382,0.9834985158726166,29.78,20.44557787897806
SUP-011,Supplier 11,WH-PORTO,Porto Distribution Center,Frozen,1556.0,1553.0,3.0,0.9980719794344473,0.0019280205655526992,0.004103967168262654,57.69,41.433939808481526,0.44596443228454175,0.6807165437302424,0.5374077976817703,1.597692889643002,0.9830040365413214,18.18,20.23610553239418
SUP-012,Supplier 12,WH-MAD,Madrid Regional Hub,Personal Care,82552.0,78623.0,3929.0,0.9524057563717414,0.04759424362825855,0.08413132694938441,64989.12999999998,6.5398974008207995,0.0,0.5989660265878878,0.7909896602658789,1.9719236671033027,0.9836145729297842,22.88,19.695045841680443
SUP-007,Supplier 7,WH-LYON,Lyon EU Gateway,Snacks,7112.0,7048.0,64.0,0.9910011248593926,0.008998875140607425,0.008207934336525308,1071.36,31.85365253077975,0.26812585499316005,0.530625,1.47875,3.444738796372593,0.9836668753274892,30.67,19.663826771470927
SUP-012,Supplier 12,WH-LIS,Lisbon Distribution Center,Household,44403.0,43757.0,646.0,0.985451433461703,0.014548566538296961,0.011627906976744186,22131.96,29.6279069767442,0.25991792065663477,0.5989660265878878,0.7909896602658789,1.9719236671033027,0.9836145729297842,22.88,19.605170935068887
SUP-008,Supplier 8,WH-PORTO,Porto Distribution Center,Snacks,31588.0,30219.0,1369.0,0.9566607572495884,0.043339242750411545,0.05198358413132695,20959.390000000003,11.03805745554036,0.0,0.5422453703703703,1.4693287037037035,3.281484450636382,0.9834985158726166,29.78,19.53992503879471
SUP-008,Supplier 8,WH-MAD,Madrid Regional Hub,Household,77308.0,74483.0,2825.0,0.9634578568841518,0.036542143115848295,0.07615139078887369,89662.39000000006,11.926557227542173,0.0364797081623347,0.5422453703703703,1.4693287037037035,3.281484450636382,0.9834985158726166,29.78,19.214234545646185
SUP-011,Supplier 11,WH-LYON,Lyon EU Gateway,Snacks,16791.0,16008.0,783.0,0.9533678756476683,0.046632124352331605,0.0533515731874145,4423.950000000001,7.667701778385771,0.0,0.6807165437302424,0.5374077976817703,1.597692889643002,0.9830040365413214,18.18,18.165006980725398
SUP-007,Supplier 7,WH-LIS,Lisbon Distribution Center,Dairy,111169.0,109256.0,1913.0,0.9827919653860339,0.017208034613966125,0.009119927040583675,21083.08,24.810246238030096,0.16187870497036025,0.530625,1.47875,3.444738796372593,0.9836668753274892,30.67,18.063957751603873
SUP-011,Supplier 11,WH-LIS,Lisbon Distribution Center,Frozen,1855.0,1850.0,5.0,0.9973045822102425,0.0026954177897574125,0.0027359781121751026,96.15,34.483351573187406,0.3378932968536252,0.6807165437302424,0.5374077976817703,1.597692889643002,0.9830040365413214,18.18,17.9907678176251
SUP-008,Supplier 8,WH-PORTO,Porto Distribution Center,Frozen,125275.0,121781.0,3494.0,0.9721093594092995,0.02789064059070046,0.023711810305517556,41022.97,17.985540355677152,0.07797537619699042,0.5422453703703703,1.4693287037037035,3.281484450636382,0.9834985158726166,29.78,17.949013487653094
SUP-008,Supplier 8,WH-LIS,Lisbon Distribution Center,Pet Care,49934.0,49396.0,538.0,0.9892257780269956,0.010774221973004365,0.013679890560875513,12503.119999999999,20.52277701778383,0.2079343365253078,0.5422453703703703,1.4693287037037035,3.281484450636382,0.9834985158726166,29.78,17.68536860639145
SUP-007,Supplier 7,WH-LIS,Lisbon Distribution Center,Pet Care,55243.0,53884.0,1359.0,0.9753995981391308,0.024600401860869252,0.023255813953488372,50937.98999999999,18.629452804377568,0.08755129958960328,0.530625,1.47875,3.444738796372593,0.9836668753274892,30.67,17.534012692299004
SUP-008,Supplier 8,WH-LYON,Lyon EU Gateway,Beverages,58861.0,56849.0,2012.0,0.9658177740779124,0.03418222592208763,0.03556771545827633,62211.040000000015,9.18611491108071,0.015047879616963064,0.5422453703703703,1.4693287037037035,3.281484450636382,0.9834985158726166,29.78,17.490998463550234
SUP-010,Supplier 10,WH-MAD,Madrid Regional Hub,Pet Care,11238.0,10777.0,461.0,0.9589784659192027,0.0410215340807973,0.049247606019151846,19030.08,12.64351573187415,0.0,0.6248256624825662,0.799163179916318,2.135605231601332,0.9832077043601778,22.28,17.309599431359164
SUP-008,Supplier 8,WH-LIS,Lisbon Distribution Center,Household,84356.0,82883.0,1473.0,0.9825382901038456,0.017461709896154393,0.03419972640218878,49951.19000000002,16.76569539443683,0.1322389420884633,0.5422453703703703,1.4693287037037035,3.281484450636382,0.9834985158726166,29.78,16.91785536323101
SUP-005,Supplier 5,WH-LIS,Lisbon Distribution Center,Personal Care,40473.0,39444.0,1029.0,0.9745756430212734,0.025424356978726557,0.030095759233926128,34656.72,15.330478796169631,0.03556771545827633,0.4818986323411102,2.1407884151246983,4.414949829671381,0.9835889913480902,36.37,16.772860823268207
SUP-007,Supplier 7,WH-LIS,Lisbon Distribution Center,Health,78579.0,77320.0,1259.0,0.983977907583451,0.01602209241654895,0.019151846785225718,92849.98999999999,18.353132694938445,0.12585499316005472,0.530625,1.47875,3.444738796372593,0.9836668753274892,30.67,16.598530652439642
SUP-004,Supplier 4,WH-LYON,Lyon EU Gateway,Frozen,9066.0,8799.0,267.0,0.9705493050959629,0.02945069490403706,0.030095759233926128,5337.329999999998,21.5868125854993,0.012311901504787962,0.488456865127582,1.827460510328068,3.669616203341277,0.9841448808738013,33.61,16.402533658780825
SUP-008,Supplier 8,WH-LYON,Lyon EU Gateway,Personal Care,32752.0,31751.0,1001.0,0.9694369809477283,0.030563019052271618,0.03191974464204286,43058.01000000001,18.33985864113083,0.01459188326493388,0.5422453703703703,1.4693287037037035,3.281484450636382,0.9834985158726166,29.78,16.25484859485964
SUP-008,Supplier 8,WH-LIS,Lisbon Distribution Center,Frozen,157345.0,154775.0,2570.0,0.9836664654104039,0.016333534589596112,0.013223894208846329,29124.560000000005,20.12265845873232,0.12403100775193798,0.5422453703703703,1.4693287037037035,3.281484450636382,0.9834985158726166,29.78,16.138582292618526
SUP-008,Supplier 8,WH-PORTO,Porto Distribution Center,Household,78104.0,76573.0,1531.0,0.9803979309638431,0.019602069036156917,0.036935704514363885,53122.94000000001,14.416347469220261,0.0870953032375741,0.5422453703703703,1.4693287037037035,3.281484450636382,0.9834985158726166,29.78,15.793223719418451
SUP-012,Supplier 12,WH-PORTO,Porto Distribution Center,Snacks,87046.0,84189.0,2857.0,0.9671782735565103,0.03282172644348965,0.030551755585955312,63087.19999999998,11.579753761969899,0.017327861377108983,0.5989660265878878,0.7909896602658789,1.9719236671033027,0.9836145729297842,22.88,15.783136797503367
SUP-008,Supplier 8,WH-MAD,Madrid Regional Hub,Personal Care,41315.0,40088.0,1227.0,0.9703013433377707,0.029698656662229216,0.03556771545827633,52704.80999999998,17.246456908344737,0.006839945280437756,0.5422453703703703,1.4693287037037035,3.281484450636382,0.9834985158726166,29.78,15.722162971911052
SUP-012,Supplier 12,WH-MAD,Madrid Regional Hub,Snacks,105250.0,101611.0,3639.0,0.9654251781472684,0.03457482185273159,0.04833561331509348,75470.19000000008,9.19303237574099,0.0,0.5989660265878878,0.7909896602658789,1.9719236671033027,0.9836145729297842,22.88,15.694868155072058
SUP-004,Supplier 4,WH-MAD,Madrid Regional Hub,Frozen,13526.0,13164.0,362.0,0.9732367292621618,0.026763270737838237,0.028727770177838577,7236.38,20.805909712722293,0.005471956224350205,0.488456865127582,1.827460510328068,3.669616203341277,0.9841448808738013,33.61,15.30196376919035
SUP-008,Supplier 8,WH-MAD,Madrid Regional Hub,Beverages,62360.0,60625.0,1735.0,0.9721776779987171,0.027822322001282873,0.03419972640218878,53646.2,9.236525307797535,0.006839945280437756,0.5422453703703703,1.4693287037037035,3.281484450636382,0.9834985158726166,29.78,15.142933082727739
SUP-004,Supplier 4,WH-LIS,Lisbon Distribution Center,Dairy,15997.0,15567.0,430.0,0.9731199599924986,0.026880040007501407,0.03419972640218878,3865.7000000000003,16.142722298221592,0.0,0.488456865127582,1.827460510328068,3.669616203341277,0.9841448808738013,33.61,15.103234473444887
SUP-012,Supplier 12,WH-PORTO,Porto Distribution Center,Household,41663.0,41369.0,294.0,0.9929433790173535,0.007056620982646473,0.006155950752393981,10072.439999999999,26.769192886456906,0.20656634746922026,0.5989660265878878,0.7909896602658789,1.9719236671033027,0.9836145729297842,22.88,15.082394805369933
SUP-009,Supplier 9,WH-LYON,Lyon EU Gateway,Snacks,18531.0,17926.0,605.0,0.9673520047487993,0.03264799525120069,0.03283173734610123,10170.05,13.022571819425439,0.006839945280437756,0.6332254584681769,0.6245954692556634,1.682135155761603,0.9838355500636644,20.45,14.569568129368832
SUP-012,Supplier 12,WH-MAD,Madrid Regional Hub,Pet Care,77348.0,74956.0,2392.0,0.9690748306355691,0.030925169364430884,0.03967168262653899,24518.0,8.863392612859096,0.004103967168262654,0.5989660265878878,0.7909896602658789,1.9719236671033027,0.9836145729297842,22.88,14.479008888997894
SUP-009,Supplier 9,WH-LIS,Lisbon Distribution Center,Snacks,27451.0,27015.0,436.0,0.9841171542020327,0.015882845797967286,0.013679890560875513,7329.159999999999,18.364733242134065,0.12859097127222982,0.6332254584681769,0.6245954692556634,1.682135155761603,0.9838355500636644,20.45,14.210148622701235
SUP-010,Supplier 10,WH-MAD,Madrid Regional Hub,Snacks,25098.0,24474.0,624.0,0.9751374611522831,0.02486253884771695,0.021203830369357045,9491.039999999999,21.333180574555403,0.047879616963064295,0.6248256624825662,0.799163179916318,2.135605231601332,0.9832077043601778,22.28,14.151753756478957
SUP-004,Supplier 4,WH-PORTO,Porto Distribution Center,Frozen,10686.0,10499.0,187.0,0.9825004679019278,0.017499532098072243,0.019151846785225718,3738.13,23.531135430916585,0.04377564979480164,0.488456865127582,1.827460510328068,3.669616203341277,0.9841448808738013,33.61,13.935267890747872
SUP-008,Supplier 8,WH-PORTO,Porto Distribution Center,Pet Care,40908.0,40088.0,820.0,0.9799550210227829,0.02004497897721717,0.024623803009575923,19056.8,15.76053351573188,0.03967168262653899,0.5422453703703703,1.4693287037037035,3.281484450636382,0.9834985158726166,29.78,13.870555626862451
SUP-012,Supplier 12,WH-LIS,Lisbon Distribution Center,Pet Care,78369.0,76975.0,1394.0,0.9822123543748166,0.017787645625183427,0.02051983584131327,14288.5,11.52047879616963,0.08891928864569083,0.5989660265878878,0.7909896602658789,1.9719236671033027,0.9836145729297842,22.88,13.735290540329142
SUP-009,Supplier 9,WH-MAD,Madrid Regional Hub,Health,20309.0,19689.0,620.0,0.9694716628095918,0.030528337190408192,0.04103967168262654,18587.600000000002,7.360000000000002,0.0,0.6332254584681769,0.6245954692556634,1.682135155761603,0.9838355500636644,20.45,13.676925383682542
SUP-004,Supplier 4,WH-LIS,Lisbon Distribution Center,Frozen,14036.0,13999.0,37.0,0.9973639213451125,0.0026360786548874325,0.004103967168262654,739.6299999999999,28.479958960328265,0.1491108071135431,0.488456865127582,1.827460510328068,3.669616203341277,0.9841448808738013,33.61,13.510095867840041
SUP-010,Supplier 10,WH-LIS,Lisbon Distribution Center,Frozen,50776.0,49330.0,1446.0,0.9715219788876635,0.02847802111233654,0.03967168262653899,9702.660000000002,8.428262653898768,0.0,0.6248256624825662,0.799163179916318,2.135605231601332,0.9832077043601778,22.28,13.362401558504702
SUP-007,Supplier 7,WH-PORTO,Porto Distribution Center,Health,68140.0,67044.0,1096.0,0.983915468153801,0.016084531846199002,0.019151846785225718,77462.02,15.77114227086185,0.04445964432284542,0.530625,1.47875,3.444738796372593,0.9836668753274892,30.67,13.288280043286834
SUP-009,Supplier 9,WH-PORTO,Porto Distribution Center,Snacks,21217.0,20671.0,546.0,0.9742659188386671,0.025734081161332894,0.023255813953488372,9178.259999999998,15.958686730506145,0.025991792065663474,0.6332254584681769,0.6245954692556634,1.682135155761603,0.9838355500636644,20.45,13.179885914152328
SUP-008,Supplier 8,WH-PORTO,Porto Distribution Center,Personal Care,35619.0,35062.0,557.0,0.9843622785591959,0.015637721440804064,0.020975832193342453,19519.339999999997,21.335398996808046,0.05471956224350205,0.5422453703703703,1.4693287037037035,3.281484450636382,0.9834985158726166,29.78,13.103544214434686
SUP-009,Supplier 9,WH-LYON,Lyon EU Gateway,Dairy,122759.0,119337.0,3422.0,0.9721242434363264,0.02787575656367354,0.041951664386684906,58240.86,11.350000000000001,0.00045599635202918376,0.6332254584681769,0.6245954692556634,1.682135155761603,0.9838355500636644,20.45,13.060253579668496
SUP-012,Supplier 12,WH-LYON,Lyon EU Gateway,Household,33262.0,32921.0,341.0,0.9897480608502195,0.01025193914978053,0.01094391244870041,11947.340000000002,21.939740082079318,0.12722298221614228,0.5989660265878878,0.7909896602658789,1.9719236671033027,0.9836145729297842,22.88,12.911758700577408
SUP-006,Supplier 6,WH-LIS,Lisbon Distribution Center,Personal Care,16267.0,15993.0,274.0,0.9831560828671544,0.016843917132845637,0.016415868673050615,7118.52,22.189357045143655,0.0013679890560875513,0.4965034965034965,2.202797202797203,4.626756933818412,0.9840538443664664,36.43,12.615218232906589
SUP-009,Supplier 9,WH-PORTO,Porto Distribution Center,Health,15673.0,15247.0,426.0,0.9728194985006061,0.027180501499393862,0.03556771545827633,12771.479999999998,8.939726402188777,0.0,0.6332254584681769,0.6245954692556634,1.682135155761603,0.9838355500636644,20.45,12.607459126033646
SUP-008,Supplier 8,WH-LIS,Lisbon Distribution Center,Beverages,78768.0,78768.0,0.0,1.0,0.0,0.0,0.0,14.267113543091641,0.15595075239398085,0.5422453703703703,1.4693287037037035,3.281484450636382,0.9834985158726166,29.78,12.194030095759235
SUP-010,Supplier 10,WH-PORTO,Porto Distribution Center,Snacks,21868.0,21628.0,240.0,0.9890250594475947,0.010974940552405341,0.010259917920656635,3617.16,24.81957592339258,0.10601915184678523,0.6248256624825662,0.799163179916318,2.135605231601332,0.9832077043601778,22.28,12.128554391508626
SUP-008,Supplier 8,WH-LIS,Lisbon Distribution Center,Personal Care,42610.0,42370.0,240.0,0.9943675193616522,0.005632480638347806,0.00729594163246694,8538.99,23.951354309165524,0.1094391244870041,0.5422453703703703,1.4693287037037035,3.281484450636382,0.9834985158726166,29.78,12.126879441188363
SUP-010,Supplier 10,WH-LIS,Lisbon Distribution Center,Snacks,26031.0,25849.0,182.0,0.9930083362145135,0.006991663785486536,0.007523939808481532,2768.2200000000003,27.26399452804378,0.13611491108071136,0.6248256624825662,0.799163179916318,2.135605231601332,0.9832077043601778,22.28,12.089068188046488
SUP-009,Supplier 9,WH-LYON,Lyon EU Gateway,Personal Care,23257.0,22668.0,589.0,0.9746742916111278,0.025325708388872166,0.03146374829001368,12245.31,9.679384404924756,0.0,0.6332254584681769,0.6245954692556634,1.682135155761603,0.9838355500636644,20.45,12.027886764538007
SUP-011,Supplier 11,WH-LIS,Lisbon Distribution Center,Dairy,78083.0,78083.0,0.0,1.0,0.0,0.0,0.0,14.482257181942545,0.20383036935704515,0.6807165437302424,0.5374077976817703,1.597692889643002,0.9830040365413214,18.18,11.789214774281806
SUP-010,Supplier 10,WH-LIS,Lisbon Distribution Center,Pet Care,13727.0,13432.0,295.0,0.9785095068113936,0.021490493188606397,0.02188782489740082,12177.6,16.699398084815325,0.0,0.6248256624825662,0.799163179916318,2.135605231601332,0.9832077043601778,22.28,11.200383694233103
SUP-012,Supplier 12,WH-PORTO,Porto Distribution Center,Personal Care,73874.0,72360.0,1514.0,0.9795056447464602,0.02049435525353981,0.03146374829001368,23259.06000000001,7.937681258549943,0.0,0.5989660265878878,0.7909896602658789,1.9719236671033027,0.9836145729297842,22.88,11.063665122434609
SUP-010,Supplier 10,WH-PORTO,Porto Distribution Center,Pet Care,11640.0,11395.0,245.0,0.9789518900343642,0.02104810996563574,0.02188782489740082,10113.599999999999,15.224377564979493,0.0,0.6248256624825662,0.799163179916318,2.135605231601332,0.9832077043601778,22.28,11.05284615819779
SUP-012,Supplier 12,WH-LIS,Lisbon Distribution Center,Personal Care,86647.0,84937.0,1710.0,0.9802647523861184,0.019735247613881613,0.029411764705882353,26906.62,8.871313269493843,0.0013679890560875513,0.5989660265878878,0.7909896602658789,1.9719236671033027,0.9836145729297842,22.88,10.89972615145111
SUP-007,Supplier 7,WH-LIS,Lisbon Distribution Center,Personal Care,26194.0,25861.0,333.0,0.9872871649996182,0.012712835000381766,0.017783857729138167,16580.070000000003,14.464733242134058,0.015047879616963064,0.530625,1.47875,3.444738796372593,0.9836668753274892,30.67,10.770603743019521
SUP-011,Supplier 11,WH-LIS,Lisbon Distribution Center,Health,12936.0,12878.0,58.0,0.9955163883735312,0.004483611626468769,0.0027359781121751026,5374.28,28.57599179206566,0.1409028727770178,0.6807165437302424,0.5374077976817703,1.597692889643002,0.9830040365413214,18.18,10.692812849982113
SUP-012,Supplier 12,WH-PORTO,Porto Distribution Center,Pet Care,68047.0,67034.0,1013.0,0.9851132305612298,0.014886769438770263,0.017783857729138167,10383.25,10.528645690834475,0.03283173734610123,0.5989660265878878,0.7909896602658789,1.9719236671033027,0.9836145729297842,22.88,10.57054847479479
SUP-011,Supplier 11,WH-MAD,Madrid Regional Hub,Snacks,19375.0,18948.0,427.0,0.9779612903225806,0.022038709677419353,0.03419972640218878,2412.55,8.19173734610123,0.0,0.6807165437302424,0.5374077976817703,1.597692889643002,0.9830040365413214,18.18,10.504067695197136
SUP-008,Supplier 8,WH-LIS,Lisbon Distribution Center,Snacks,35348.0,34867.0,481.0,0.9863924408735997,0.013607559126400362,0.017783857729138167,7364.110000000001,13.054404924760622,0.0027359781121751026,0.5422453703703703,1.4693287037037035,3.281484450636382,0.9834985158726166,29.78,10.334249691811557
SUP-011,Supplier 11,WH-MAD,Madrid Regional Hub,Beverages,26071.0,25533.0,538.0,0.9793640443404549,0.02063595565954509,0.025991792065663474,14638.979999999998,10.719904240766073,0.0,0.6807165437302424,0.5374077976817703,1.597692889643002,0.9830040365413214,18.18,10.1263421980807
SUP-008,Supplier 8,WH-PORTO,Porto Distribution Center,Beverages,61763.0,61302.0,461.0,0.9925359843271861,0.00746401567281382,0.012311901504787962,14254.12,11.081149110807095,0.04377564979480164,0.5422453703703703,1.4693287037037035,3.281484450636382,0.9834985158726166,29.78,10.097583977111926
SUP-012,Supplier 12,WH-LIS,Lisbon Distribution Center,Dairy,14151.0,13985.0,166.0,0.9882693802558123,0.01173061974418769,0.01094391244870041,650.72,24.547893296853594,0.04103967168262654,0.5989660265878878,0.7909896602658789,1.9719236671033027,0.9836145729297842,22.88,9.870236465941227
SUP-012,Supplier 12,WH-LIS,Lisbon Distribution Center,Snacks,102928.0,101807.0,1121.0,0.9891088916524172,0.010891108347582777,0.009119927040583675,24573.04,13.273479252165986,0.03967168262653899,0.5989660265878878,0.7909896602658789,1.9719236671033027,0.9836145729297842,22.88,9.669162716309536
SUP-012,Supplier 12,WH-LYON,Lyon EU Gateway,Dairy,11736.0,11559.0,177.0,0.9849182004089979,0.015081799591002046,0.017783857729138167,693.8400000000001,18.287893296853607,0.0,0.5989660265878878,0.7909896602658789,1.9719236671033027,0.9836145729297842,22.88,9.271445860311754
SUP-011,Supplier 11,WH-PORTO,Porto Distribution Center,Household,36054.0,35435.0,619.0,0.9828313085926665,0.017168691407333445,0.02051983584131327,25368.430000000008,14.97199042407661,0.004103967168262654,0.6807165437302424,0.5374077976817703,1.597692889643002,0.9830040365413214,18.18,9.263297810789801
SUP-010,Supplier 10,WH-LYON,Lyon EU Gateway,Snacks,19074.0,18846.0,228.0,0.9880465555206039,0.011953444479396037,0.014363885088919288,3179.7999999999997,19.863652530779742,0.019835841313269494,0.6248256624825662,0.799163179916318,2.135605231601332,0.9832077043601778,22.28,8.983546086120661
SUP-011,Supplier 11,WH-PORTO,Porto Distribution Center,Dairy,60578.0,60284.0,294.0,0.9951467529466143,0.0048532470533857175,0.006839945280437756,6276.9,12.478549931600556,0.09302325581395349,0.6807165437302424,0.5374077976817703,1.597692889643002,0.9830040365413214,18.18,8.8969584358337
SUP-009,Supplier 9,WH-MAD,Madrid Regional Hub,Personal Care,29314.0,28876.0,438.0,0.9850583339018899,0.014941666098110118,0.019151846785225718,9106.02,10.58845417236662,0.0,0.6332254584681769,0.6245954692556634,1.682135155761603,0.9838355500636644,20.45,8.782227237634254
SUP-010,Supplier 10,WH-LIS,Lisbon Distribution Center,Beverages,18860.0,18860.0,0.0,1.0,0.0,0.0,0.0,27.30571135430919,0.10601915184678523,0.6248256624825662,0.799163179916318,2.135605231601332,0.9832077043601778,22.28,8.696766073871409
SUP-011,Supplier 11,WH-MAD,Madrid Regional Hub,Personal Care,11939.0,11748.0,191.0,0.9840020102186112,0.015997989781388725,0.02051983584131327,7947.51,18.096908344733233,0.0,0.6807165437302424,0.5374077976817703,1.597692889643002,0.9830040365413214,18.18,8.651300424432055
SUP-009,Supplier 9,WH-PORTO,Porto Distribution Center,Dairy,140181.0,138588.0,1593.0,0.9886361204442827,0.011363879555717252,0.017783857729138167,24983.489999999998,14.074290925672601,0.009575923392612859,0.6332254584681769,0.6245954692556634,1.682135155761603,0.9838355500636644,20.45,8.12838688281655
SUP-010,Supplier 10,WH-LYON,Lyon EU Gateway,Beverages,14294.0,14128.0,166.0,0.9883867356932979,0.011613264306702113,0.012995896032831737,3750.5700000000006,19.60549931600549,0.0,0.6248256624825662,0.799163179916318,2.135605231601332,0.9832077043601778,22.28,8.087018298085097
SUP-011,Supplier 11,WH-MAD,Madrid Regional Hub,Health,13095.0,12918.0,177.0,0.986483390607102,0.013516609392898053,0.013679890560875513,16400.82,21.460834473324198,0.0013679890560875513,0.6807165437302424,0.5374077976817703,1.597692889643002,0.9830040365413214,18.18,7.97461086492289
SUP-009,Supplier 9,WH-MAD,Madrid Regional Hub,Dairy,156886.0,155043.0,1843.0,0.9882526165495965,0.011747383450403479,0.024623803009575923,31665.809999999998,12.107514819881434,0.00045599635202918376,0.6332254584681769,0.6245954692556634,1.682135155761603,0.9838355500636644,20.45,7.914977259984473
SUP-009,Supplier 9,WH-PORTO,Porto Distribution Center,Personal Care,27449.0,27134.0,315.0,0.9885241721009873,0.011475827899012714,0.013679890560875513,6548.8499999999985,12.498508891928875,0.005471956224350205,0.6332254584681769,0.6245954692556634,1.682135155761603,0.9838355500636644,20.45,7.910570297555738
SUP-009,Supplier 9,WH-MAD,Madrid Regional Hub,Household,10610.0,10490.0,120.0,0.9886899151743638,0.011310084825636193,0.009575923392612859,4090.8,17.779425444596434,0.0,0.6332254584681769,0.6245954692556634,1.682135155761603,0.9838355500636644,20.45,7.628328896864598
SUP-012,Supplier 12,WH-PORTO,Porto Distribution Center,Dairy,11163.0,11076.0,87.0,0.9922063961300726,0.007793603869927439,0.006839945280437756,341.03999999999996,22.408467852257196,0.009575923392612859,0.5989660265878878,0.7909896602658789,1.9719236671033027,0.9836145729297842,22.88,7.385350687237496
SUP-011,Supplier 11,WH-LYON,Lyon EU Gateway,Household,35561.0,35149.0,412.0,0.988414274064284,0.011585725935716093,0.02188782489740082,22006.740000000005,12.192777017783856,0.0,0.6807165437302424,0.5374077976817703,1.597692889643002,0.9830040365413214,18.18,7.346080420889447
SUP-011,Supplier 11,WH-LYON,Lyon EU Gateway,Personal Care,9669.0,9559.0,110.0,0.9886234357224118,0.011376564277588168,0.009575923392612859,4577.099999999999,17.877099863201078,0.0,0.6807165437302424,0.5374077976817703,1.597692889643002,0.9830040365413214,18.18,7.197345633027427
SUP-011,Supplier 11,WH-MAD,Madrid Regional Hub,Household,43952.0,43502.0,450.0,0.9897615580633419,0.010238441936658172,0.02051983584131327,23173.449999999997,12.828707250341992,0.0047879616963064295,0.6807165437302424,0.5374077976817703,1.597692889643002,0.9830040365413214,18.18,7.124044074812572
SUP-010,Supplier 10,WH-MAD,Madrid Regional Hub,Beverages,19113.0,18967.0,146.0,0.9923612201119657,0.007638779888034322,0.006839945280437756,2635.0,21.90775649794799,0.0047879616963064295,0.6248256624825662,0.799163179916318,2.135605231601332,0.9832077043601778,22.28,7.036675766351822
SUP-009,Supplier 9,WH-MAD,Madrid Regional Hub,Snacks,26122.0,25882.0,240.0,0.9908123420871296,0.009187657912870377,0.012311901504787962,4034.4,14.1196853625171,0.0,0.6332254584681769,0.6245954692556634,1.682135155761603,0.9838355500636644,20.45,6.967747581781891
SUP-011,Supplier 11,WH-MAD,Madrid Regional Hub,Dairy,67227.0,66596.0,631.0,0.9906138902524283,0.009386109747571661,0.01094391244870041,13471.850000000002,9.91954856361149,0.005471956224350205,0.6807165437302424,0.5374077976817703,1.597692889643002,0.9830040365413214,18.18,6.839666161551864
SUP-010,Supplier 10,WH-PORTO,Porto Distribution Center,Beverages,15518.0,15454.0,64.0,0.9958757571852043,0.0041242428147957215,0.006155950752393981,1892.4799999999998,24.437503419972668,0.024623803009575923,0.6248256624825662,0.799163179916318,2.135605231601332,0.9832077043601778,22.28,6.7331337889861524
SUP-012,Supplier 12,WH-MAD,Madrid Regional Hub,Dairy,14485.0,14389.0,96.0,0.9933724542630307,0.0066275457369692784,0.01094391244870041,376.32,18.98608755129958,0.0,0.5989660265878878,0.7909896602658789,1.9719236671033027,0.9836145729297842,22.88,6.639709454168227
SUP-011,Supplier 11,WH-PORTO,Porto Distribution Center,Snacks,16164.0,16011.0,153.0,0.9905345211581291,0.009465478841870824,0.015047879616963064,864.45,10.012599179206555,0.0,0.6807165437302424,0.5374077976817703,1.597692889643002,0.9830040365413214,18.18,6.584964999693152
SUP-009,Supplier 9,WH-LIS,Lisbon Distribution Center,Dairy,174963.0,174655.0,308.0,0.998239627807022,0.0017603721929779438,0.002279981760145919,3617.4,16.332649338805282,0.044231646146830825,0.6332254584681769,0.6245954692556634,1.682135155761603,0.9838355500636644,20.45,6.424300714799708
SUP-009,Supplier 9,WH-PORTO,Porto Distribution Center,Household,8568.0,8506.0,62.0,0.9927637721755369,0.007236227824463119,0.004103967168262654,2113.58,20.329589603283175,0.0013679890560875513,0.6332254584681769,0.6245954692556634,1.682135155761603,0.9838355500636644,20.45,6.406135624965358
SUP-011,Supplier 11,WH-LYON,Lyon EU Gateway,Health,10377.0,10295.0,82.0,0.9920979088368507,0.007902091163149272,0.009575923392612859,7598.12,20.060465116279094,0.0,0.6807165437302424,0.5374077976817703,1.597692889643002,0.9830040365413214,18.18,6.13089933786867
SUP-011,Supplier 11,WH-PORTO,Porto Distribution Center,Health,10326.0,10324.0,2.0,0.999806314158435,0.0001936858415649816,0.0013679890560875513,185.32,25.6556361149111,0.057455540355677154,0.6807165437302424,0.5374077976817703,1.597692889643002,0.9830040365413214,18.18,5.995368967602857
SUP-011,Supplier 11,WH-PORTO,Porto Distribution Center,Personal Care,11627.0,11552.0,75.0,0.9935494968607551,0.006450503139244861,0.005471956224350205,3120.75,21.724856361149094,0.004103967168262654,0.6807165437302424,0.5374077976817703,1.597692889643002,0.9830040365413214,18.18,5.821961485606689
SUP-009,Supplier 9,WH-LIS,Lisbon Distribution Center,Health,20393.0,20285.0,108.0,0.9947040651203845,0.005295934879615554,0.005471956224350205,3237.84,10.131901504787962,0.0,0.6332254584681769,0.6245954692556634,1.682135155761603,0.9838355500636644,20.45,5.7531658167692825
SUP-009,Supplier 9,WH-LYON,Lyon EU Gateway,Household,8521.0,8478.0,43.0,0.9949536439385048,0.005046356061495129,0.006839945280437756,1465.8700000000001,17.085430916552674,0.0,0.6332254584681769,0.6245954692556634,1.682135155761603,0.9838355500636644,20.45,5.667013617354046
SUP-009,Supplier 9,WH-LIS,Lisbon Distribution Center,Personal Care,31517.0,31359.0,158.0,0.9949868325030936,0.005013167496906432,0.006839945280437756,3284.8199999999997,14.136087551299584,0.0,0.6332254584681769,0.6245954692556634,1.682135155761603,0.9838355500636644,20.45,5.665419246148662
SUP-011,Supplier 11,WH-LYON,Lyon EU Gateway,Dairy,53717.0,53387.0,330.0,0.9938566934117691,0.006143306588230914,0.012311901504787962,7045.5,9.78980848153215,0.0,0.6807165437302424,0.5374077976817703,1.597692889643002,0.9830040365413214,18.18,5.58106933856073
SUP-011,Supplier 11,WH-LYON,Lyon EU Gateway,Beverages,22426.0,22301.0,125.0,0.9944261125479354,0.005573887452064568,0.008207934336525308,3401.25,10.412558139534884,0.0,0.6807165437302424,0.5374077976817703,1.597692889643002,0.9830040365413214,18.18,5.386424318420086
SUP-011,Supplier 11,WH-LIS,Lisbon Distribution Center,Household,44716.0,44668.0,48.0,0.998926558726183,0.0010734412738169783,0.003419972640218878,2342.01,16.923098495212034,0.03419972640218878,0.6807165437302424,0.5374077976817703,1.597692889643002,0.9830040365413214,18.18,5.349190211497286
SUP-011,Supplier 11,WH-LIS,Lisbon Distribution Center,Snacks,20762.0,20660.0,102.0,0.9950871784991812,0.0049128215008188035,0.006839945280437756,576.3,11.910560875512985,0.0,0.6807165437302424,0.5374077976817703,1.597692889643002,0.9830040365413214,18.18,5.1671995958103
SUP-011,Supplier 11,WH-PORTO,Porto Distribution Center,Beverages,23037.0,22957.0,80.0,0.9965273256066328,0.003472674393367192,0.004103967168262654,2176.8,13.507209302325577,0.0,0.6807165437302424,0.5374077976817703,1.597692889643002,0.9830040365413214,18.18,4.726836229047569
SUP-009,Supplier 9,WH-LIS,Lisbon Distribution Center,Household,10271.0,10271.0,0.0,1.0,0.0,0.0,0.0,23.086580027359798,0.0,0.6332254584681769,0.6245954692556634,1.682135155761603,0.9838355500636644,20.45,4.09
SUP-011,Supplier 11,WH-LIS,Lisbon Distribution Center,Personal Care,14550.0,14542.0,8.0,0.9994501718213058,0.000549828178694158,0.0013679890560875513,332.88,23.023679890560828,0.0027359781121751026,0.6807165437302424,0.5374077976817703,1.597692889643002,0.9830040365413214,18.18,3.9180946040807476
SUP-011,Supplier 11,WH-LIS,Lisbon Distribution Center,Beverages,29738.0,29738.0,0.0,1.0,0.0,0.0,0.0,14.75879616963064,0.0,0.6807165437302424,0.5374077976817703,1.597692889643002,0.9830040365413214,18.18,3.6359999999999997
