product_id,warehouse_id,demand_qty,fulfilled_qty,lost_sales_qty,lost_revenue,gross_margin,demand_std,demand_mean,stockout_day_rate,service_level,demand_cv,avg_on_hand_qty,avg_in_transit_qty,avg_inventory_value,avg_days_of_supply,excess_inventory_rate,policy_target_cover_days,slow_moving_rate,po_count,avg_lead_time,std_lead_time,lead_time_cv,category,abc_class,supplier_id,unit_cost,unit_price,mean_daily_demand,demand_volatility,target_cover_days,shelf_life_days,otif_rate,target_inventory_value,excess_inventory_value,lost_margin_value,inventory_turnover_proxy,risk_score,risk_tier,recommended_action,estimated_margin_recovery_12m,estimated_wc_release_12m
SKU-009,WH-MAD,39116,37541,1575,86436.0,833410.2,14.635978986431159,53.510259917920656,0.046511627906976744,0.9597351467430207,0.2735172471387968,713.3392612859097,746.4733242134063,23311.92705882353,13.486580027359782,0.35567715458276333,15,0.0,49,14.428571428571429,5.5113519212621505,0.38197488563203025,Household,A,SUP-08,32.68,54.88,67.08181474595344,0.2604931981796821,15,111,0.925,32883.505588466374,0.0,34965.00000000001,35.75037781720218,53.84,Critical,Release cash: reduce reorder-up-to level and launch markdown/transfer actions,19230.75,0.0
SKU-009,WH-LIS,51823,51656,167,9164.960000000001,1146763.2,19.00561118133644,70.89329685362517,0.005471956224350205,0.9967774926191073,0.2680875629268267,1177.7113543091655,967.4103967168263,38487.60705882353,17.409603283173734,0.5417236662106704,15,0.0,46,13.73913043478261,5.18302692602904,0.3772456306919871,Household,A,SUP-08,32.68,54.88,67.08181474595344,0.2604931981796821,15,111,0.925,32883.505588466374,5604.101470357156,3707.4000000000005,29.79564820040162,44.35,High,Release cash: reduce reorder-up-to level and launch markdown/transfer actions,2039.07,1681.23
SKU-038,WH-PORTO,22358,19279,3079,41504.92,74802.52,12.982253761569833,30.58549931600547,0.13406292749658003,0.8622864299132301,0.42445780032684266,288.2393980848153,378.8112175102599,2767.098221614227,9.404391244870041,0.009575923392612859,21,0.012311901504787962,39,14.58974358974359,6.18026548875297,0.4236034342027519,Snacks,B,SUP-08,9.6,13.48,35.60825344221707,0.4174764724690137,21,140,0.925,7178.623893950961,0.0,11946.520000000002,27.03283873904659,41.09,High,Monitor: maintain policy and track variability,6570.59,0.0
SKU-009,WH-PORTO,42387,36416,5971,327688.48,808435.2,15.425687279523393,57.984952120383035,0.15868673050615595,0.8591313374383656,0.26602914576005854,314.21340629274965,664.311901504788,10268.494117647058,5.432749658002736,0.004103967168262654,15,0.0,69,13.333333333333334,4.645259021039518,0.3483944265779638,Household,A,SUP-08,32.68,54.88,67.08181474595344,0.2604931981796821,15,111,0.925,32883.505588466374,0.0,132556.2,78.72967454990822,40.86,High,Monitor: maintain policy and track variability,72905.91,0.0
SKU-040,WH-PORTO,18562,15924,2638,14350.72,29140.92,8.61953182702169,25.392612859097127,0.15321477428180574,0.8578816937829975,0.33945036987139615,219.16963064295484,327.0478796169631,791.2023666210671,8.680273597811217,0.0,22,0.0027359781121751026,32,15.125,4.06201920231798,0.2685632530458169,Personal Care,B,SUP-08,3.61,5.44,29.328845297622987,0.3275683390327299,22,215,0.925,2329.2968935372173,0.0,4827.540000000002,36.83118406792702,39.01,High,Monitor: maintain policy and track variability,2655.15,0.0
SKU-038,WH-MAD,20665,18683,1982,26717.36,72490.04,12.019271609270996,28.269493844049247,0.1012311901504788,0.9040890394386644,0.4251675560792208,289.7688098495212,368.90287277701776,2781.7805745554037,10.298632010943912,0.02051983584131327,21,0.013679890560875513,39,14.461538461538462,5.3105959317008455,0.36722205910697336,Snacks,B,SUP-08,9.6,13.48,35.60825344221707,0.4174764724690137,21,140,0.925,7178.623893950961,0.0,7690.160000000002,26.05886339959997,34.63,Medium,Monitor: maintain policy and track variability,4229.59,0.0
SKU-004,WH-MAD,40461,36814,3647,22173.760000000002,65897.06,14.925584702950813,55.35020519835842,0.09986320109439124,0.9098638194804873,0.26965726051894523,608.4897400820794,694.922024623803,2610.4209849521203,10.99109439124487,0.03556771545827633,22,0.0,38,13.763157894736842,5.758350977006825,0.41838878991636586,Personal Care,A,SUP-08,4.29,6.08,70.06644685535753,0.2490857664448119,22,165,0.925,6612.871254208643,0.0,6528.13,25.243843954621237,33.61,Medium,Monitor: maintain policy and track variability,3590.47,0.0
SKU-014,WH-LIS,38088,33171,4917,293053.2,920163.54,10.835134282737243,52.103967168262656,0.14500683994528044,0.8709042218021424,0.20795219388471237,313.202462380301,784.8673050615595,9978.63045143639,6.021381668946648,0.0,20,0.0,51,17.49019607843137,2.524856819858171,0.14435840561969365,Snacks,A,SUP-04,31.86,59.6,51.47538761480629,0.2024097770237085,20,197,0.904,32800.116988154565,0.0,136397.58000000002,92.21340989409481,33.22,Medium,Monitor: maintain policy and track variability,75018.67,0.0
SKU-040,WH-LIS,21795,19438,2357,12822.08,35571.54,9.850392412700218,29.81532147742818,0.11627906976744186,0.8918559302592338,0.3303802181089176,251.23392612859098,365.9794801641587,906.9544733242134,8.457633378932968,0.0027359781121751026,22,0.0013679890560875513,42,13.761904761904763,5.248969812093556,0.38141303132859744,Personal Care,B,SUP-08,3.61,5.44,29.328845297622987,0.3275683390327299,22,215,0.925,2329.2968935372173,0.0,4313.310000000001,39.22086614736181,32.67,Medium,Monitor: maintain policy and track variability,2372.32,0.0
SKU-013,WH-PORTO,35580,35580,0,0.0,935042.4,10.768603469391762,48.67305061559507,0.0,1.0,0.22124365194281556,882.1668946648426,358.671682626539,46622.520383036936,18.276484268125856,0.4487004103967168,18,0.0,33,7.363636363636363,1.4751733334209793,0.2003321810818614,Beverages,A,SUP-05,52.85,79.13,55.84367587525581,0.2060583338261639,18,165,0.922,53124.088860130854,0.0,0.0,20.05559528566809,31.22,Medium,Release cash: reduce reorder-up-to level and launch markdown/transfer actions,0.0,0.0
SKU-057,WH-PORTO,3134,3123,11,587.4,80604.63,1.9548575545017384,4.287277701778386,0.0027359781121751026,0.9964901084875558,0.45596709391856116,127.99863201094391,55.31190150478796,3531.4822571819423,29.51170998632011,0.280437756497948,36,0.027359781121751026,17,13.058823529411764,5.390623667945275,0.41279550610391746,Household,C,SUP-08,27.59,53.4,5.0184959376786225,0.4332735402526594,36,126,0.925,4984.570905139915,0.0,283.90999999999997,22.824588693904698,31.12,Medium,Release cash: reduce reorder-up-to level and launch markdown/transfer actions,156.15,0.0
SKU-060,WH-MAD,5294,4738,556,53298.159999999996,174026.74,3.5708374120223407,7.242134062927496,0.106703146374829,0.8949754438987533,0.4930642516411657,100.32694938440493,109.55403556771546,5932.332517099863,14.390123119015048,0.0,46,0.017783857729138167,21,17.523809523809526,2.3370718349902644,0.133365512322814,Dairy,C,SUP-04,59.13,95.86,8.81395225631236,0.5008561135833304,46,35,0.904,23973.773858124496,0.0,20421.879999999997,29.33529762506913,30.7,Medium,Monitor: maintain policy and track variability,11232.03,0.0
SKU-030,WH-PORTO,31221,31221,0,0.0,1589461.11,18.47050655682097,42.70998632010944,0.0,1.0,0.43246341542667205,813.6484268125855,259.61149110807116,48778.2231874145,18.85058823529412,0.332421340629275,21,0.015047879616963064,30,6.133333333333334,2.112905065565406,0.34449539112479444,Dairy,B,SUP-03,59.95,110.86,49.91103973512719,0.4173793159321876,21,35,0.899,62835.503474538375,0.0,0.0,32.58546552409282,30.5,Medium,Release cash: reduce reorder-up-to level and launch markdown/transfer actions,0.0,0.0
SKU-003,WH-MAD,40476,40476,0,0.0,1098113.88,14.011469544222475,55.37072503419973,0.0,1.0,0.25304833078433214,866.7797537619699,309.8207934336525,44760.506484268124,15.586963064295485,0.399452804377565,16,0.0,41,5.609756097560975,1.715780416901997,0.30585650909992124,Household,A,SUP-01,51.64,78.77,70.16432223354361,0.2542419561695015,16,189,0.918,57972.56960224308,0.0,0.0,24.533097729489533,30.02,Medium,Release cash: reduce reorder-up-to level and launch markdown/transfer actions,0.0,0.0
SKU-008,WH-PORTO,31725,28195,3530,177029.5,379786.65,14.393366041393397,43.39945280437757,0.11627906976744186,0.8887312844759653,0.33164856032335926,318.15868673050613,609.8331053351574,11670.060629274965,7.455827633378933,0.0,24,0.0,42,15.976190476190476,2.7362792543810035,0.17127232292697786,Snacks,A,SUP-04,36.68,50.15,49.65313354751483,0.3372704201240555,24,102,0.904,43710.646524548254,0.0,47549.1,32.543674113164855,29.05,Medium,Monitor: maintain policy and track variability,26152.0,0.0
SKU-018,WH-MAD,32135,32135,0,0.0,544688.25,14.27095188966964,43.96032831737346,0.0,1.0,0.3246325138119965,948.6374829001368,435.6621067031464,34985.75036935705,21.314090287277704,0.4021887824897401,22,0.0013679890560875513,28,9.964285714285714,1.1700630833624397,0.11742568578547782,Dairy,A,SUP-07,36.88,53.83,56.15278033281111,0.3188166897820647,22,35,0.874,45560.11985082963,0.0,0.0,15.568860014421066,28.67,Medium,Release cash: reduce reorder-up-to level and launch markdown/transfer actions,0.0,0.0
SKU-040,WH-MAD,16781,15083,1698,9237.12,27601.89,7.627689211762751,22.956224350205197,0.106703146374829,0.898814135033669,0.3322710692925672,176.51299589603283,273.4035567715458,637.2119151846784,7.600232558139536,0.0,22,0.0,44,13.522727272727273,3.7632781130881363,0.27829283525357645,Personal Care,B,SUP-08,3.61,5.44,29.328845297622987,0.3275683390327299,22,215,0.925,2329.2968935372173,0.0,3107.340000000001,43.31665705278023,28.49,Medium,Monitor: maintain policy and track variability,1709.04,0.0
SKU-052,WH-MAD,3556,3556,0,0.0,84597.24,2.2981804414479337,4.864569083447332,0.0,1.0,0.4724324810738019,167.58549931600547,36.11491108071135,6564.324008207934,35.12259917920657,0.2612859097127223,45,0.024623803009575923,13,7.538461538461538,2.3669736167866557,0.3139862961043523,Personal Care,C,SUP-06,39.17,62.96,6.007500032716504,0.4633199791250408,45,171,0.889,10589.119932667745,0.0,0.0,12.887426015873206,27.1,Medium,Release cash: reduce reorder-up-to level and launch markdown/transfer actions,0.0,0.0
SKU-007,WH-MAD,47242,47242,0,0.0,244241.14,18.76359945693596,64.6265389876881,0.0,1.0,0.2903389188226618,826.0807113543092,336.6484268125855,6451.690355677155,13.168084815321478,0.34610123119015046,15,0.0,38,5.2105263157894735,1.4172278753397822,0.2719932286005643,Beverages,A,SUP-02,7.81,12.98,79.13337884258445,0.2866425029194153,15,112,0.783,9270.475331408767,0.0,0.0,37.85692222272887,26.62,Medium,Release cash: reduce reorder-up-to level and launch markdown/transfer actions,0.0,0.0
SKU-022,WH-PORTO,28761,26684,2077,38922.98,207334.68,14.809434572604374,39.34473324213406,0.08481532147742818,0.9277841521504816,0.3764019565583185,307.0683994528044,263.19562243502054,3368.5403419972645,7.805909712722298,0.0,23,0.006839945280437756,45,7.288888888888889,2.7271548796087353,0.3741523462877838,Personal Care,B,SUP-03,10.97,18.74,45.727164323676725,0.377912654247422,23,145,0.899,11537.420830506877,0.0,16138.289999999995,61.550303380682614,26.43,Medium,Monitor: maintain policy and track variability,8876.06,0.0
SKU-059,WH-MAD,3811,3613,198,14416.380000000001,130682.21,2.6987334975622277,5.213406292749658,0.058823529411764705,0.948045132511152,0.517652633617945,84.8796169630643,74.82900136798905,3109.989165526676,16.130341997264022,0.0,42,0.04514363885088919,21,15.285714285714286,3.635145899999848,0.23781328317756015,Frozen,C,SUP-08,36.64,72.81,6.659442013433049,0.4923030126076692,42,365,0.925,10248.08212563185,0.0,7161.660000000001,42.020149603276515,25.02,Medium,Monitor: maintain policy and track variability,3938.91,0.0
SKU-004,WH-LIS,52877,52178,699,4249.92,93398.62,18.028929813356722,72.33515731874145,0.015047879616963064,0.9867806418669743,0.24924159263127188,1216.3378932968537,1005.2038303693571,5218.089562243503,17.034528043775648,0.21203830369357046,22,0.0,33,13.909090909090908,4.719399037242694,0.3393031987560107,Personal Care,A,SUP-08,4.29,6.08,70.06644685535753,0.2490857664448119,22,165,0.925,6612.871254208643,0.0,1251.21,17.899006693139917,24.55,Medium,Monitor: maintain policy and track variability,688.17,0.0
SKU-030,WH-LIS,36882,34752,2130,236131.8,1769224.32,21.889861754611488,50.454172366621066,0.07523939808481532,0.9422482511794371,0.43385632402312774,404.0533515731874,343.7045143638851,24222.998426812588,7.986853625170999,0.0,21,0.005471956224350205,45,7.288888888888889,2.351230067067625,0.32257729578671684,Dairy,B,SUP-03,59.95,110.86,49.91103973512719,0.4173793159321876,21,35,0.899,62835.503474538375,0.0,108438.29999999999,73.03903046295189,24.26,Medium,Monitor: maintain policy and track variability,59641.06,0.0
SKU-001,WH-LIS,61555,61555,0,0.0,1031046.25,28.370199696100464,84.20656634746922,0.0,1.0,0.33691196454958067,1147.329685362517,400.13816689466483,22292.61578659371,13.691491108071135,0.28454172366621067,16,0.0013679890560875513,44,4.7272727272727275,1.37017460037689,0.2898446270028036,Beverages,A,SUP-02,19.43,36.18,82.47051882260268,0.3214841662371842,16,208,0.783,25638.434891570723,0.0,0.0,46.25057282959359,23.72,Medium,Release cash: reduce reorder-up-to level and launch markdown/transfer actions,0.0,0.0
SKU-004,WH-PORTO,43846,43246,600,3648.0,77410.34,16.452244376773503,59.98084815321477,0.019151846785225718,0.986315741458742,0.2742916261328612,950.0547195622435,799.7277701778386,4075.734746922025,15.674432284541725,0.16415868673050615,22,0.0,34,13.558823529411764,5.467209007487347,0.4032214886216265,Personal Care,A,SUP-08,4.29,6.08,70.06644685535753,0.2490857664448119,22,165,0.925,6612.871254208643,0.0,1074.0,18.992977906243755,23.6,Medium,Monitor: maintain policy and track variability,590.7,0.0
SKU-051,WH-PORTO,5983,5983,0,0.0,313628.86,4.080704411299736,8.184678522571819,0.0,1.0,0.4985784597459648,282.343365253078,116.0218878248974,16901.07384404925,34.583515731874144,0.18878248974008208,48,0.027359781121751026,13,14.307692307692308,4.732592935953387,0.33077262455588186,Household,C,SUP-08,59.86,112.28,9.445430855167473,0.4937179824057583,48,165,0.925,27139.367567535595,0.0,0.0,18.55674159487958,23.34,Medium,Monitor: maintain policy and track variability,0.0,0.0
SKU-026,WH-MAD,19722,19722,0,0.0,768763.56,10.93359108326153,26.979480164158687,0.0,1.0,0.4052558098501257,483.20383036935704,168.4090287277702,17965.518413132697,17.931436388508892,0.2448700410396717,22,0.008207934336525308,31,6.258064516129032,1.9142925923254934,0.3058921152685067,Snacks,B,SUP-10,37.18,76.16,33.97955458943682,0.4098489433024133,22,189,0.893,27793.916471975743,0.0,0.0,42.79105909006434,23.13,Medium,Release cash: reduce reorder-up-to level and launch markdown/transfer actions,0.0,0.0
SKU-057,WH-MAD,2881,2791,90,4806.0,72035.71,1.800483416149443,3.9411764705882355,0.03556771545827633,0.9687608469281499,0.45683907573941085,80.84815321477429,55.39124487004104,2230.6005471956223,20.313980848153214,0.03556771545827633,36,0.03146374829001368,21,14.619047619047619,5.5360291769118275,0.3786860349027635,Household,C,SUP-08,27.59,53.4,5.0184959376786225,0.4332735402526594,36,126,0.925,4984.570905139915,0.0,2322.9,32.294311991703516,22.97,Medium,Monitor: maintain policy and track variability,1277.6,0.0
SKU-059,WH-LIS,5026,4918,108,7863.4800000000005,177884.06,3.3543412236524,6.875512995896033,0.023255813953488372,0.9785117389574214,0.48786777447073304,174.83994528043775,116.37756497948017,6406.1355950752395,25.933666210670314,0.08755129958960328,42,0.027359781121751026,16,17.25,4.449719092257398,0.2579547299859361,Frozen,C,SUP-08,36.64,72.81,6.659442013433049,0.4923030126076692,42,365,0.925,10248.08212563185,0.0,3906.36,27.767763788320305,22.57,Medium,Monitor: maintain policy and track variability,2148.5,0.0
SKU-047,WH-MAD,3972,3733,239,24026.67,154359.55,2.630571620713357,5.433652530779754,0.06292749658002736,0.9398288016112789,0.4841258445975488,84.37756497948017,78.38850889192886,4993.464295485636,15.60310533515732,0.0,46,0.025991792065663474,22,16.227272727272727,2.759085738528999,0.17002769257041453,Frozen,C,SUP-04,59.18,100.53,6.8580466229633155,0.4724249354542265,46,365,0.904,18669.523160760575,0.0,9882.65,30.912316753631227,22.35,Medium,Monitor: maintain policy and track variability,5435.46,0.0
SKU-013,WH-MAD,32563,32468,95,7517.35,853259.04,9.410808037037796,44.545827633378934,0.004103967168262654,0.9970825783865123,0.21126126815940266,623.3625170998632,310.2120383036936,32944.70902872777,14.052407660738714,0.2708618331053352,18,0.0,31,7.0,1.7701224063135672,0.25287462947336675,Beverages,A,SUP-05,52.85,79.13,55.84367587525581,0.2060583338261639,18,165,0.922,53124.088860130854,0.0,2496.5999999999995,25.899729126639382,22.26,Medium,Release cash: reduce reorder-up-to level and launch markdown/transfer actions,1373.13,0.0
SKU-041,WH-MAD,26597,26597,0,0.0,184317.21,13.074967310058506,36.3844049247606,0.0,1.0,0.35935635987715786,784.5430916552667,242.72777017783858,5931.1457729138165,21.953392612859098,0.26812585499316005,27,0.0013679890560875513,24,6.75,1.5393392145304765,0.22805025400451504,Frozen,B,SUP-10,7.56,14.49,45.1720919264514,0.3396491226508702,27,365,0.893,9220.52740402726,0.0,0.0,31.076155781187246,22.1,Medium,Release cash: reduce reorder-up-to level and launch markdown/transfer actions,0.0,0.0
SKU-059,WH-PORTO,4347,4195,152,11067.12,151733.15,2.92015182769234,5.946648426812586,0.03556771545827633,0.9650333563377042,0.49105842789121246,124.78932968536252,80.6374829001368,4572.281039671682,21.74564979480164,0.017783857729138167,42,0.030095759233926128,19,14.105263157894736,5.39438737992354,0.38243791126323606,Frozen,C,SUP-08,36.64,72.81,6.659442013433049,0.4923030126076692,42,365,0.925,10248.08212563185,0.0,5497.84,33.18543822732632,21.64,Medium,Monitor: maintain policy and track variability,3023.81,0.0
SKU-034,WH-LIS,16634,16634,0,0.0,509166.74,8.404431989856818,22.755129958960328,0.0,1.0,0.3693422979791592,604.530779753762,171.21477428180575,23745.96902872777,26.16644322845417,0.2612859097127223,33,0.0013679890560875513,18,7.388888888888889,1.5392469086379983,0.20831913049236067,Personal Care,B,SUP-10,39.28,69.89,22.751630174725943,0.3417121284916979,33,177,0.893,29491.573097686756,0.0,0.0,21.442238865215913,21.52,Medium,Release cash: reduce reorder-up-to level and launch markdown/transfer actions,0.0,0.0
SKU-015,WH-PORTO,32262,32262,0,0.0,1403397.0,11.157211675598743,44.13406292749658,0.0,1.0,0.2528027318474577,661.0629274965801,311.8714090287278,26958.14618331053,15.022763337893297,0.2694938440492476,18,0.0,38,7.052631578947368,2.104658519147242,0.2984217303268477,Household,A,SUP-03,40.78,84.28,50.8975988200791,0.2475882929502399,18,173,0.899,37360.87343789086,0.0,0.0,52.05836449053854,21.51,Medium,Release cash: reduce reorder-up-to level and launch markdown/transfer actions,0.0,0.0
SKU-054,WH-LIS,9921,9921,0,0.0,327889.05,6.49330313394238,13.571819425444597,0.0,1.0,0.4784401361669065,477.97127222982215,80.80027359781121,14410.83385772914,34.98909712722298,0.20109439124487005,48,0.013679890560875513,12,6.25,1.4847711791873706,0.23756338866997928,Dairy,C,SUP-05,30.15,63.2,13.42234091621577,0.4595965646460482,48,35,0.922,19424.81177394746,0.0,0.0,22.75295470318251,20.99,Medium,Monitor: maintain policy and track variability,0.0,0.0
SKU-045,WH-PORTO,8773,8773,0,0.0,372852.5,6.279887294164782,12.001367989056087,0.0,1.0,0.5232642895286055,377.1751025991792,93.6374829001368,14755.090013679892,31.262421340629277,0.17236662106703146,45,0.038303693570451436,14,7.642857142857143,0.8418973861410957,0.1101547981866854,Household,C,SUP-09,39.12,81.62,13.97715787336605,0.5257583664247232,45,225,0.869,24605.38872027359,0.0,0.0,25.269415479967734,20.67,Medium,Monitor: maintain policy and track variability,0.0,0.0
SKU-053,WH-MAD,5765,5765,0,0.0,177619.65,4.157115689268518,7.886456908344734,0.0,1.0,0.5271208272082023,193.12175102599178,53.49794801641587,7081.77461012312,24.66515731874145,0.1326949384404925,36,0.04240766073871409,19,6.842105263157895,1.6419215671732126,0.2399731521253157,Frozen,C,SUP-05,36.67,67.48,9.880140957750156,0.5355794873544941,36,365,0.922,13042.971681145136,0.0,0.0,25.08123454622513,20.49,Medium,Monitor: maintain policy and track variability,0.0,0.0
SKU-050,WH-MAD,5971,5779,192,7656.96,82350.75,3.952856378979158,8.168262653898768,0.03967168262653899,0.967844582147044,0.48392865734948326,90.2530779753762,47.841313269493845,2313.186388508892,11.172216142270862,0.0,32,0.030095759233926128,33,6.151515151515151,2.0018930434905253,0.32543088884328736,Snacks,C,SUP-01,25.63,39.88,10.220471351142717,0.4975800627207872,32,141,0.918,8382.42178335321,0.0,2736.000000000001,35.60056829362734,19.9,Low,Monitor: maintain policy and track variability,1504.8,0.0
SKU-037,WH-MAD,23082,22109,973,60987.64,530616.0,12.150908205061134,31.57592339261286,0.0560875512995896,0.9578459405597435,0.384815609474902,331.55677154582764,228.82079343365254,12824.615923392614,10.576812585499315,0.0,30,0.004103967168262654,35,7.685714285714286,2.7091503831126333,0.35249168553510096,Beverages,B,SUP-06,38.68,62.68,39.57299169563095,0.3598288767199359,30,228,0.889,45920.49956361015,0.0,23352.0,41.3748063232159,19.61,Low,Monitor: maintain policy and track variability,12843.6,0.0
SKU-037,WH-LIS,29756,29756,0,0.0,714144.0,14.607455626188706,40.705882352941174,0.0,1.0,0.3588536786780463,912.6470588235294,317.8207934336525,35301.18823529412,22.66644322845417,0.2106703146374829,30,0.0027359781121751026,22,7.818181818181818,2.363136810346702,0.3022616850443456,Beverages,B,SUP-06,38.68,62.68,39.57299169563095,0.3598288767199359,30,228,0.889,45920.49956361015,0.0,0.0,20.230027251207343,19.6,Low,Monitor: maintain policy and track variability,0.0,0.0
SKU-038,WH-LIS,26877,25966,911,12280.28,100748.08,15.556017428682646,36.76744186046512,0.03967168262653899,0.9661048480113108,0.42309218812988847,383.1080711354309,452.5499316005472,3677.8374829001373,10.559904240766073,0.030095759233926128,21,0.005471956224350205,44,12.727272727272727,4.139226061597307,0.3252249048397884,Snacks,B,SUP-08,9.6,13.48,35.60825344221707,0.4174764724690137,21,140,0.925,7178.623893950961,0.0,3534.6800000000007,27.393293061050564,19.32,Low,Monitor: maintain policy and track variability,1944.07,0.0
SKU-020,WH-LIS,62391,62391,0,0.0,1469308.05,19.08066321860814,85.35020519835841,0.0,1.0,0.22355732097261707,1081.7140902872777,608.2476060191518,38465.753050615596,12.623816689466485,0.2612859097127223,15,0.0,48,7.145833333333333,1.4438362512997711,0.20205288647926828,Snacks,A,SUP-05,35.56,59.11,84.37522240055739,0.210854729631409,15,105,0.922,45005.74362845731,0.0,0.0,38.19782360861607,19.17,Low,Release cash: reduce reorder-up-to level and launch markdown/transfer actions,0.0,0.0
SKU-025,WH-PORTO,27694,27694,0,0.0,382731.08,16.046095734290024,37.88508891928865,0.0,1.0,0.4235464715016251,787.8946648426812,187.97537619699042,13740.88295485636,20.703953488372093,0.15868673050615595,29,0.015047879616963064,23,4.913043478260869,1.64905051133457,0.33564744920969125,Beverages,B,SUP-02,17.44,31.26,44.026525282552896,0.4090229677966172,29,175,0.783,22266.855426903956,0.0,0.0,27.853456088477458,19.02,Low,Monitor: maintain policy and track variability,0.0,0.0
SKU-002,WH-MAD,43654,41338,2316,40854.24,335251.18,15.747404570513176,59.71819425444596,0.07797537619699042,0.9469464424794979,0.2636952568159878,341.3105335157319,546.0273597811217,3252.6893844049246,5.778057455540356,0.0,19,0.0,58,9.758620689655173,1.1892846859040238,0.1218701621597763,Snacks,A,SUP-07,9.53,17.64,74.91828854664145,0.2580156818415178,19,185,0.874,13565.454507140366,0.0,18782.760000000002,103.06891940170112,18.91,Low,Monitor: maintain policy and track variability,10330.52,0.0
SKU-012,WH-PORTO,54113,51705,2408,208942.16,2056307.85,24.464693771014627,74.02599179206567,0.07250341997264022,0.9555005266756602,0.3304878891691773,419.22298221614227,703.5485636114911,19703.480164158686,5.7226675786593715,0.0,18,0.0027359781121751026,59,10.033898305084746,1.1290231006908715,0.11252088334588078,Dairy,A,SUP-07,47.0,86.77,85.12547698147112,0.3318859287486367,18,35,0.874,72016.15352632458,0.0,95766.15999999999,104.36267262777747,18.84,Low,Monitor: maintain policy and track variability,52671.39,0.0
SKU-039,WH-MAD,23912,23884,28,593.04,224987.28,13.944906064568363,32.71135430916553,0.0013679890560875513,0.9988290398126464,0.4263017034626745,605.0902872777018,254.91655266757866,7115.861778385773,18.126196990424077,0.1600547195622435,25,0.009575923392612859,28,7.857142857142857,2.445165838718507,0.31120292492781,Household,B,SUP-06,11.76,21.18,42.28077700175257,0.4213096047149116,25,239,0.889,12430.548438515254,0.0,263.76,31.617713638479103,18.69,Low,Monitor: maintain policy and track variability,145.07,0.0
SKU-024,WH-MAD,16400,16400,0,0.0,140056.0,8.79956906437789,22.43502051983584,0.0,1.0,0.3922246942719657,485.60738714090286,131.96853625171,5113.445786593707,21.390588235294118,0.15868673050615595,30,0.005471956224350205,23,6.0,2.393172105652397,0.3988620176087328,Dairy,B,SUP-10,10.53,19.07,28.644668425473853,0.3889596257636996,30,35,0.893,9048.850755607189,0.0,0.0,27.38974966102017,18.41,Low,Monitor: maintain policy and track variability,0.0,0.0
SKU-031,WH-PORTO,27387,25938,1449,6665.4,33460.02,15.061966091946758,37.46511627906977,0.06155950752393981,0.9470916858363457,0.40202640717176324,491.077975376197,594.9767441860465,1625.468098495212,13.183885088919288,0.0,31,0.005471956224350205,28,16.785714285714285,2.629704149775011,0.15666322594404322,Beverages,B,SUP-04,3.31,4.6,43.30303822076656,0.381253807865498,31,217,0.904,4443.324751832856,0.0,1869.2099999999994,20.58485185342969,18.4,Low,Monitor: maintain policy and track variability,1028.07,0.0
SKU-053,WH-LIS,7481,7328,153,10324.44,225775.68,5.358516283093614,10.233926128590971,0.024623803009575923,0.9795481887448202,0.5236031817860489,141.19151846785226,70.77428180574556,5177.492982216142,14.079986320109438,0.0,36,0.038303693570451436,27,7.296296296296297,2.215588388855635,0.3036593223304677,Frozen,C,SUP-05,36.67,67.48,9.880140957750156,0.5355794873544941,36,365,0.922,13042.971681145136,0.0,4713.93,43.60714360705138,17.75,Low,Monitor: maintain policy and track variability,2592.66,0.0
SKU-051,WH-LIS,7017,6791,226,25375.28,355984.22000000003,4.799480495220854,9.599179206566347,0.03146374829001368,0.9677925039190537,0.49998863360502266,230.73050615595076,121.19288645690834,13811.528098495211,24.159274965800275,0.004103967168262654,48,0.013679890560875513,17,13.529411764705882,5.197567304263884,0.3841680181412436,Household,C,SUP-08,59.86,112.28,9.445430855167473,0.4937179824057583,48,165,0.925,27139.367567535595,0.0,11846.92,25.7744268021136,17.73,Low,Monitor: maintain policy and track variability,6515.81,0.0
SKU-035,WH-PORTO,30575,29149,1426,20277.72,128838.58,14.17710558904378,41.82626538987688,0.0533515731874145,0.9533605887162715,0.3389522219326575,371.9781121751026,329.3515731874145,3645.3854993160053,8.94701778385773,0.0,24,0.0027359781121751026,42,8.380952380952381,2.6682631690184793,0.3183723099397049,Frozen,B,SUP-06,9.8,14.22,48.21783229086555,0.3308068781481532,24,365,0.889,11340.834154811579,0.0,6302.92,35.342923272223025,17.7,Low,Monitor: maintain policy and track variability,3466.61,0.0
SKU-060,WH-LIS,6485,6269,216,20705.76,230260.37,4.419122898268455,8.87140902872777,0.03967168262653899,0.966692367000771,0.49813089261900395,167.14090287277702,141.91792065663475,9883.041586867306,18.75403556771546,0.0,46,0.03146374829001368,19,16.94736842105263,2.1723945879176814,0.12818477382122967,Dairy,C,SUP-04,59.13,95.86,8.81395225631236,0.5008561135833304,46,35,0.904,23973.773858124496,0.0,7933.679999999999,23.298532944146718,17.42,Low,Monitor: maintain policy and track variability,4363.52,0.0
SKU-002,WH-LIS,55791,55724,67,1181.88,451921.64,19.56833662737231,76.32147742818057,0.0013679890560875513,0.9987990894588733,0.2563935773621043,1075.4883720930231,757.5704514363885,10249.404186046511,14.102982216142271,0.23255813953488372,19,0.0,31,9.935483870967742,1.2092830898502842,0.12171355774467146,Snacks,A,SUP-07,9.53,17.64,74.91828854664145,0.2580156818415178,19,185,0.874,13565.454507140366,0.0,543.3700000000001,44.09247911359022,17.22,Low,Release cash: reduce reorder-up-to level and launch markdown/transfer actions,298.85,0.0
SKU-026,WH-LIS,25391,24462,929,70752.64,953528.76,14.38342436240007,34.73461012311901,0.04514363885088919,0.9634122326808712,0.41409488436510783,315.515731874145,243.6361149110807,11730.874911080711,9.17061559507524,0.0,22,0.008207934336525308,44,7.318181818181818,2.008965107557288,0.27451697121900825,Snacks,B,SUP-10,37.18,76.16,33.97955458943682,0.4098489433024133,22,189,0.893,27793.916471975743,0.0,36212.42,81.28368661567765,16.95,Low,Monitor: maintain policy and track variability,19916.83,0.0
SKU-044,WH-MAD,17559,17553,6,604.8,798837.03,6.753658795546369,24.020519835841313,0.0013679890560875513,0.9996582948915086,0.2811620581778231,458.7647058823529,424.03693570451435,25365.100588235295,19.205116279069767,0.20383036935704515,25,0.0,28,17.642857142857142,3.2456727398786738,0.18396525651134185,Snacks,B,SUP-04,55.29,100.8,30.21772386774573,0.2709959431792141,25,94,0.904,41768.448816191536,0.0,273.06,31.49354867413821,16.58,Low,Monitor: maintain policy and track variability,150.18,0.0
SKU-024,WH-PORTO,18611,17806,805,15351.35,152063.24,9.417672072788514,25.459644322845417,0.0506155950752394,0.9567460104239428,0.36990587744927217,253.65526675786595,168.60054719562243,2670.9899589603283,10.265212038303693,0.0,30,0.0027359781121751026,36,7.027777777777778,1.7482417471131406,0.2487616715259805,Dairy,B,SUP-10,10.53,19.07,28.644668425473853,0.3889596257636996,30,35,0.893,9048.850755607189,0.0,6874.700000000001,56.9314158182721,16.54,Low,Monitor: maintain policy and track variability,3781.09,0.0
SKU-021,WH-PORTO,30147,29135,1012,95381.0,1326516.55,17.901236858277777,41.240766073871406,0.038303693570451436,0.9664311540120079,0.43406654537436745,489.4473324213406,262.3064295485636,23845.87403556772,11.889329685362517,0.0,31,0.008207934336525308,33,6.696969696969697,2.0839393058107594,0.31117645742875594,Household,B,SUP-05,48.72,94.25,47.74525607054186,0.4305306287855234,31,170,0.922,72110.61514846078,0.0,46076.36,55.62876613461145,16.25,Low,Monitor: maintain policy and track variability,25342.0,0.0
SKU-029,WH-MAD,22425,22425,0,0.0,308792.25,10.629617996044116,30.67715458276334,0.0,1.0,0.34649947625900773,547.0095759233926,313.46785225718196,10852.669986320108,18.307742818057456,0.2079343365253078,24,0.0,29,10.206896551724139,1.1457782864819002,0.11225530509451048,Frozen,B,SUP-07,19.84,33.61,37.64773999907662,0.3408635923683493,24,365,0.874,17926.347877960325,0.0,0.0,28.453113417180795,16.21,Low,Monitor: maintain policy and track variability,0.0,0.0
SKU-057,WH-LIS,3806,3765,41,2189.4,97174.65000000001,2.22557010751598,5.20656634746922,0.013679890560875513,0.9892275354703101,0.42745447939941705,112.08344733242134,72.9343365253078,3092.382311901505,21.919603283173736,0.057455540355677154,36,0.02188782489740082,20,14.45,4.019361038510317,0.2781564732533091,Household,C,SUP-08,27.59,53.4,5.0184959376786225,0.4332735402526594,36,126,0.925,4984.570905139915,0.0,1058.21,31.42387977903267,16.19,Low,Monitor: maintain policy and track variability,582.02,0.0
SKU-008,WH-LIS,37787,37753,34,1705.1,508532.91,17.18807110848061,51.6922024623803,0.0013679890560875513,0.9991002196522614,0.3325080048773209,910.1162790697674,862.2694938440493,33383.065116279075,18.052558139534884,0.17920656634746923,24,0.0,31,16.774193548387096,3.1274023024373316,0.18644129110684093,Snacks,A,SUP-04,36.68,50.15,49.65313354751483,0.3372704201240555,24,102,0.904,43710.646524548254,0.0,457.97999999999996,15.233259984626654,15.74,Low,Monitor: maintain policy and track variability,251.89,0.0
SKU-001,WH-MAD,48700,47199,1501,54306.18,790583.25,21.45667937540168,66.62106703146375,0.04514363885088919,0.9691786447638604,0.32207048508046465,403.6128590971272,327.37756497948016,7842.197852257182,6.182735978112175,0.0,16,0.0,65,5.153846153846154,1.769805508653857,0.34339509869403195,Beverages,A,SUP-02,19.43,36.18,82.47051882260268,0.3214841662371842,16,208,0.783,25638.434891570723,0.0,25141.75,100.81143894787738,15.7,Low,Monitor: maintain policy and track variability,13827.96,0.0
SKU-011,WH-MAD,48671,46858,1813,65449.3,867341.58,23.091299048536975,66.5813953488372,0.05471956224350205,0.9627498921328923,0.3468130838585714,404.077975376197,459.3077975376197,7107.731586867305,6.198714090287278,0.0,16,0.0027359781121751026,58,7.258620689655173,1.0688630593132258,0.14725429320704772,Frozen,A,SUP-09,17.59,36.1,82.3405384409586,0.3419928971618566,16,365,0.869,23173.92113882339,0.0,33558.630000000005,122.0279029110434,15.65,Low,Monitor: maintain policy and track variability,18457.25,0.0
SKU-005,WH-PORTO,48512,48500,12,138.12,170235.0,16.043998005755757,66.36388508891929,0.0013679890560875513,0.9997526385224275,0.24175796797096508,1166.2626538987688,496.72093023255815,9330.10123119015,17.640560875512996,0.16279069767441862,24,0.0,30,7.666666666666667,2.6565901573949673,0.34651175966021314,Frozen,A,SUP-06,8.0,11.51,76.33441687849812,0.231257055155139,24,365,0.889,14656.208040671638,0.0,42.12,18.245782739303117,15.65,Low,Monitor: maintain policy and track variability,23.17,0.0
SKU-027,WH-PORTO,25080,24466,614,23135.52,340566.72,14.39102310522185,34.309165526675784,0.03556771545827633,0.975518341307815,0.419451271527798,316.32284541723664,223.48974008207935,7515.830807113543,9.133638850889191,0.0,22,0.009575923392612859,45,6.7555555555555555,2.0355427638431824,0.301313895963629,Household,B,SUP-10,23.76,37.68,40.13694239925778,0.4025064294141304,22,156,0.893,20980.382530940024,0.0,8546.88,45.31324995736495,15.45,Low,Monitor: maintain policy and track variability,4700.78,0.0
SKU-022,WH-LIS,34304,34198,106,1986.44,265718.46,17.5815577924493,46.92749658002736,0.004103967168262654,0.9969099813432836,0.3746536481541639,714.3324213406293,313.9767441860465,7836.226662106704,15.402120383036937,0.09575923392612859,23,0.006839945280437756,33,6.757575757575758,2.598440674595812,0.38452261103884217,Personal Care,B,SUP-03,10.97,18.74,45.727164323676725,0.377912654247422,23,145,0.899,11537.420830506877,0.0,823.6199999999998,33.90898087276151,15.3,Low,Monitor: maintain policy and track variability,452.99,0.0
SKU-032,WH-LIS,32177,32177,0,0.0,85269.05,18.222700310020883,44.017783857729135,0.0,1.0,0.41398495591960927,861.2134062927497,316.8919288645691,4555.818919288646,19.276251709986322,0.1600547195622435,27,0.005471956224350205,25,7.16,1.0279429296739515,0.14356744827848483,Snacks,B,SUP-09,5.29,7.94,44.02891560925029,0.3896241567957274,27,185,0.869,6288.65001646922,0.0,0.0,18.716514310738688,15.14,Low,Monitor: maintain policy and track variability,0.0,0.0
SKU-003,WH-PORTO,44677,44677,0,0.0,1212087.01,16.202142694123555,61.11764705882353,0.0,1.0,0.26509761867189646,734.0177838577291,364.7045143638851,37904.67835841313,12.12798905608755,0.17510259917920656,16,0.0,47,5.9787234042553195,1.5809925570064833,0.26443647750642246,Household,A,SUP-01,51.64,78.77,70.16432223354361,0.2542419561695015,16,189,0.918,57972.56960224308,0.0,0.0,31.97724034323513,15.1,Low,Monitor: maintain policy and track variability,0.0,0.0
SKU-017,WH-MAD,46429,44675,1754,75842.96,746966.0,18.89794506402082,63.51436388508892,0.046511627906976744,0.9622218871825798,0.29753813008678237,428.0752393980848,365.250341997264,11352.55534883721,6.71562243502052,0.0,19,0.0,58,6.068965517241379,1.8530398824114993,0.30533043517007663,Frozen,A,SUP-01,26.52,43.24,80.85676897463227,0.2830226895190018,19,365,0.918,40742.10875093771,0.0,29326.880000000005,65.79716874725551,15.1,Low,Monitor: maintain policy and track variability,16129.78,0.0
SKU-051,WH-MAD,5574,5527,47,5277.16,289725.34,3.88944776402455,7.625170998632011,0.009575923392612859,0.99156799425906,0.5100800709547805,188.58002735978113,91.03419972640219,11288.400437756498,25.275772913816688,0.01094391244870041,48,0.028727770177838577,17,12.647058823529411,4.79506486492347,0.3791446637381348,Household,C,SUP-08,59.86,112.28,9.445430855167473,0.4937179824057583,48,165,0.925,27139.367567535595,0.0,2463.7400000000002,25.6657567737366,15.07,Low,Monitor: maintain policy and track variability,1355.06,0.0
SKU-036,WH-LIS,23899,23899,0,0.0,80300.64,12.20943716411819,32.693570451436386,0.0,1.0,0.373450712036922,550.4774281805745,237.8372093023256,2785.4157865937073,16.762134062927498,0.17099863201094392,23,0.004103967168262654,30,7.266666666666667,0.9802650357071221,0.13489885812483332,Dairy,B,SUP-09,5.06,8.42,32.354326897567105,0.3676612496818016,23,35,0.869,3765.396564338859,0.0,0.0,28.828959894063026,14.99,Low,Monitor: maintain policy and track variability,0.0,0.0
SKU-046,WH-LIS,12687,12433,254,12590.78,267060.84,9.303668737242335,17.355677154582764,0.024623803009575923,0.9799795065815402,0.5360591035646052,294.88508891928865,121.87551299589603,8283.322147742818,17.41857729138167,0.0,50,0.03419972640218878,21,7.380952380952381,0.9206622874969124,0.1247348905640978,Personal Care,C,SUP-09,28.09,49.57,16.730077561072658,0.5331033757484469,50,133,0.869,23497.393934526546,0.0,5455.92,32.24078880872373,14.91,Low,Monitor: maintain policy and track variability,3000.76,0.0
SKU-039,WH-LIS,31974,31962,12,254.16,301082.04,17.520188573884898,43.74008207934337,0.0013679890560875513,0.99962469506474,0.4005522564430431,724.797537619699,349.02599179206567,8523.61904240766,16.879042407660737,0.1039671682626539,25,0.008207934336525308,29,8.03448275862069,2.638759971500272,0.3284293526759995,Household,B,SUP-06,11.76,21.18,42.28077700175257,0.4213096047149116,25,239,0.889,12430.548438515254,0.0,113.03999999999999,35.3232633347435,14.72,Low,Monitor: maintain policy and track variability,62.17,0.0
SKU-054,WH-PORTO,8483,8331,152,9606.4,275339.55,5.320771417194719,11.604651162790697,0.02188782489740082,0.9820818106801839,0.4585033485758977,204.3844049247606,68.5485636114911,6162.189808481532,17.70419972640219,0.0,48,0.02051983584131327,22,6.318181818181818,2.101844170662735,0.33266598384590046,Dairy,C,SUP-05,30.15,63.2,13.42234091621577,0.4595965646460482,48,35,0.922,19424.81177394746,0.0,5023.6,44.68209493012166,14.66,Low,Monitor: maintain policy and track variability,2762.98,0.0
SKU-058,WH-LIS,6292,6079,213,11740.56,157202.94,3.005091594674337,8.607387140902873,0.04103967168262654,0.9661474888747617,0.3491293635897871,98.25170998632011,59.099863201094394,2874.845034199727,11.496402188782492,0.0,33,0.004103967168262654,32,7.25,1.8837162994395396,0.2598229378537296,Personal Care,C,SUP-05,29.26,55.12,8.423793131951308,0.3621423224617395,33,228,0.922,8133.846172349545,0.0,5508.179999999999,54.682230913277984,14.44,Low,Monitor: maintain policy and track variability,3029.5,0.0
SKU-005,WH-LIS,57068,57068,0,0.0,200308.68,18.793199732931676,78.06839945280437,0.0,1.0,0.24072736042568613,1344.374829001368,538.688098495212,10754.998632010944,17.330889192886456,0.1381668946648427,24,0.0,31,6.838709677419355,2.7214796734319417,0.39795221639806694,Frozen,A,SUP-06,8.0,11.51,76.33441687849812,0.231257055155139,24,365,0.889,14656.208040671638,0.0,0.0,18.624705297851513,14.28,Low,Monitor: maintain policy and track variability,0.0,0.0
SKU-047,WH-PORTO,4429,4277,152,15280.56,176853.95,2.7742629746253535,6.0588235294117645,0.03283173734610123,0.9656807405734928,0.45788806377311664,120.1655266757866,100.91381668946649,7111.39586867305,20.34845417236662,0.0,46,0.017783857729138167,18,17.666666666666668,2.7224556389190906,0.15410126258032586,Frozen,C,SUP-04,59.18,100.53,6.8580466229633155,0.4724249354542265,46,365,0.904,18669.523160760575,0.0,6285.2,24.869090860076117,14.19,Low,Monitor: maintain policy and track variability,3456.86,0.0
SKU-002,WH-PORTO,47544,46218,1326,23390.64,374827.98,17.55780470883049,65.03967168262653,0.04103967168262654,0.9721100454316002,0.2699553096532704,672.0410396716826,624.2448700410397,6404.551108071136,10.379616963064295,0.03283173734610123,19,0.0,33,9.969696969696969,1.074850236220391,0.1078117258214982,Snacks,A,SUP-07,9.53,17.64,74.91828854664145,0.2580156818415178,19,185,0.874,13565.454507140366,0.0,10753.860000000002,58.52525394443878,14.0,Low,Monitor: maintain policy and track variability,5914.62,0.0
SKU-043,WH-LIS,16150,16150,0,0.0,456560.5,7.086517627176296,22.093023255813954,0.0,1.0,0.3207581662827166,403.96306429548565,109.72093023255815,12324.913091655268,18.252065663474692,0.10807113543091655,27,0.0,26,4.961538461538462,2.10676565817405,0.4246194349808163,Beverages,B,SUP-02,30.51,58.78,21.74325445164342,0.3176912966594652,27,178,0.783,17911.4407196303,0.0,0.0,37.043709485393435,13.88,Low,Monitor: maintain policy and track variability,0.0,0.0
SKU-060,WH-PORTO,5684,5634,50,4793.0,206936.82,3.9802950545184372,7.775649794801642,0.012311901504787962,0.9912033779028853,0.511892273900946,187.45554035567716,128.3844049247606,11084.24610123119,24.609630642954855,0.006839945280437756,46,0.038303693570451436,17,16.764705882352942,3.211880519351278,0.19158585554025165,Dairy,C,SUP-04,59.13,95.86,8.81395225631236,0.5008561135833304,46,35,0.904,23973.773858124496,0.0,1836.4999999999998,18.66945375536315,13.78,Low,Monitor: maintain policy and track variability,1010.08,0.0
SKU-007,WH-PORTO,50082,48598,1484,19262.32,251251.66,20.044835059230802,68.51162790697674,0.03967168262653899,0.9703685955033745,0.29257566447621336,380.6689466484268,328.17236662106706,2973.0244733242134,5.587852257181942,0.0,15,0.0,75,5.0,1.6023631197601773,0.32047262395203546,Beverages,A,SUP-02,7.81,12.98,79.13337884258445,0.2866425029194153,15,112,0.783,9270.475331408767,0.0,7672.280000000002,84.51045803839926,13.74,Low,Monitor: maintain policy and track variability,4219.75,0.0
SKU-030,WH-MAD,29665,28896,769,85251.34,1471095.36,17.202098748059953,40.58139534883721,0.027359781121751026,0.9740771953480533,0.4238912585481822,368.7920656634747,277.46374829001365,22109.08433652531,9.350889192886457,0.0013679890560875513,21,0.01094391244870041,45,7.111111111111111,2.0138409955990952,0.2831963900061228,Dairy,B,SUP-03,59.95,110.86,49.91103973512719,0.4173793159321876,21,35,0.899,62835.503474538375,0.0,39149.79,66.53805004351435,13.72,Low,Monitor: maintain policy and track variability,21532.38,0.0
SKU-015,WH-LIS,37834,37254,580,48882.4,1620549.0,13.024879072072768,51.75649794801642,0.016415868673050615,0.9846698736586139,0.25165688538576925,586.6306429548564,343.83720930232556,23922.797619699042,11.381108071135431,0.057455540355677154,18,0.0,46,6.782608695652174,2.6742645383835986,0.3942825921975818,Household,A,SUP-03,40.78,84.28,50.8975988200791,0.2475882929502399,18,173,0.899,37360.87343789086,0.0,25230.0,67.74078123143806,13.65,Low,Monitor: maintain policy and track variability,13876.5,0.0
SKU-020,WH-PORTO,53310,51663,1647,97354.17,1216663.65,16.03152533435983,72.92749658002737,0.047879616963064295,0.9691052335396736,0.21982826898174893,532.2407660738714,502.6333789329685,18926.481641586866,7.321969904240766,0.0027359781121751026,15,0.0,50,7.12,1.598979266243797,0.2245757396409827,Snacks,A,SUP-05,35.56,59.11,84.37522240055739,0.210854729631409,15,105,0.922,45005.74362845731,0.0,38786.85,64.28366735244883,13.42,Low,Monitor: maintain policy and track variability,21332.77,0.0
SKU-052,WH-LIS,4476,4428,48,3022.08,105342.12,2.9351248575915188,6.123119015047879,0.012311901504787962,0.9892761394101877,0.47935126695697056,130.296853625171,46.44322845417236,5103.727756497949,21.393625170998632,0.0,45,0.024623803009575923,18,8.055555555555555,2.6892426710490165,0.33383702123367104,Personal Care,C,SUP-06,39.17,62.96,6.007500032716504,0.4633199791250408,45,171,0.889,10589.119932667745,0.0,1141.92,20.640231028365655,13.32,Low,Monitor: maintain policy and track variability,628.06,0.0
SKU-058,WH-PORTO,5413,5406,7,385.84,139799.16,2.7218401991435375,7.404924760601915,0.0013679890560875513,0.9987068169222243,0.36757162120338555,157.94801641586866,58.545827633378934,4621.558960328318,21.733543091655267,0.11080711354309165,33,0.005471956224350205,21,7.9523809523809526,1.909874092085404,0.24016380798678733,Personal Care,C,SUP-05,29.26,55.12,8.423793131951308,0.3621423224617395,33,228,0.922,8133.846172349545,0.0,181.01999999999998,30.249351182153607,13.12,Low,Monitor: maintain policy and track variability,99.56,0.0
SKU-025,WH-MAD,25883,25883,0,0.0,357703.06,15.382008575216418,35.40766073871409,0.0,1.0,0.43442600426856237,630.109439124487,171.40082079343367,10989.108618331054,18.044035567715458,0.057455540355677154,29,0.01094391244870041,25,4.96,1.9891371663780926,0.40103571902784124,Beverages,B,SUP-02,17.44,31.26,44.026525282552896,0.4090229677966172,29,175,0.783,22266.855426903956,0.0,0.0,32.55068927094883,13.12,Low,Monitor: maintain policy and track variability,0.0,0.0
SKU-050,WH-LIS,7761,7673,88,3509.44,109340.25,5.1708812817681995,10.616963064295486,0.012311901504787962,0.9886612549929132,0.48703958471492764,160.6484268125855,65.16279069767442,4117.419179206567,15.448358413132695,0.0,32,0.027359781121751026,27,6.296296296296297,1.8147857431243208,0.2882306768491568,Snacks,C,SUP-01,25.63,39.88,10.220471351142717,0.4975800627207872,32,141,0.918,8382.42178335321,0.0,1254.0000000000002,26.55553035556366,13.08,Low,Monitor: maintain policy and track variability,689.7,0.0
SKU-033,WH-PORTO,26783,26783,0,0.0,396388.4,14.722485674340463,36.63885088919289,0.0,1.0,0.4018271675295104,521.0902872777018,260.0807113543092,19728.47827633379,14.393105335157319,0.09986320109439124,21,0.009575923392612859,36,7.111111111111111,1.7530019603571108,0.24651590067521872,Household,B,SUP-05,37.86,52.66,42.038632758054845,0.3919809394562608,21,196,0.922,33423.23536061908,0.0,0.0,20.092193348511127,13.01,Low,Monitor: maintain policy and track variability,0.0,0.0
SKU-047,WH-LIS,5034,4928,106,10656.18,203772.8,3.3673647115419265,6.886456908344734,0.02188782489740082,0.9789431863329361,0.48898363212895274,151.7264021887825,117.83310533515731,8979.168481532148,21.759274965800273,0.0,46,0.023255813953488372,17,18.058823529411764,2.9679662278084913,0.16434992140959073,Frozen,C,SUP-04,59.18,100.53,6.8580466229633155,0.4724249354542265,46,365,0.904,18669.523160760575,0.0,4383.1,22.6939499374701,12.98,Low,Monitor: maintain policy and track variability,2410.71,0.0
SKU-052,WH-PORTO,3806,3806,0,0.0,90544.74,2.4122428833196365,5.20656634746922,0.0,1.0,0.46330781600279936,141.44733242134063,40.522571819425444,5540.492010943913,27.306963064295484,0.04240766073871409,45,0.03146374829001368,16,7.8125,2.1045585443666486,0.269383493678931,Personal Care,C,SUP-06,39.17,62.96,6.007500032716504,0.4633199791250408,45,171,0.889,10589.119932667745,0.0,0.0,16.34236450863039,12.94,Low,Monitor: maintain policy and track variability,0.0,0.0
SKU-036,WH-MAD,18885,18392,493,4151.06,61797.12,9.339485427160882,25.834473324213405,0.04103967168262654,0.9738946253640456,0.3615125150783482,199.00683994528043,171.03009575923392,1006.974610123119,7.790355677154583,0.0,23,0.0013679890560875513,48,6.875,1.0644147328012026,0.15482396113472038,Dairy,B,SUP-09,5.06,8.42,32.354326897567105,0.3676612496818016,23,35,0.869,3765.396564338859,0.0,1656.4800000000002,61.36909449230731,12.8,Low,Monitor: maintain policy and track variability,911.06,0.0
SKU-053,WH-PORTO,6293,6265,28,1889.44,193024.65,4.4160516622648505,8.60875512995896,0.004103967168262654,0.9955506117908788,0.512972153998984,164.8467852257182,60.67852257181943,6044.931614227085,19.363529411764706,0.0027359781121751026,36,0.03556771545827633,22,7.136363636363637,2.030609914133343,0.28454406440085056,Frozen,C,SUP-05,36.67,67.48,9.880140957750156,0.5355794873544941,36,365,0.922,13042.971681145136,0.0,862.6800000000001,31.931651558423862,12.68,Low,Monitor: maintain policy and track variability,474.47,0.0
SKU-056,WH-PORTO,6170,6157,13,157.04000000000002,34663.909999999996,3.7174452530185147,8.440492476060191,0.0027359781121751026,0.9978930307941654,0.44042989950673167,188.96853625171,44.59917920656635,1218.8470588235293,22.598030095759235,0.023255813953488372,38,0.016415868673050615,20,5.25,2.2213082915965963,0.42310634125649454,Snacks,C,SUP-01,6.45,12.08,9.68854923542876,0.446126094497482,38,152,0.918,2374.663417603589,0.0,73.19,28.439917665682128,12.58,Low,Monitor: maintain policy and track variability,40.25,0.0
SKU-023,WH-LIS,31125,31125,0,0.0,507960.0,17.95329660597656,42.578659370725035,0.0,1.0,0.4216501146656664,771.938440492476,270.8659370725034,16766.502927496582,18.670670314637484,0.08618331053351573,29,0.009575923392612859,25,6.44,1.6093476939431082,0.24989871023961305,Frozen,B,SUP-01,21.72,38.04,40.57230036367836,0.4332696039076356,29,365,0.918,25555.680553073726,0.0,0.0,30.29612091421642,12.47,Low,Monitor: maintain policy and track variability,0.0,0.0
SKU-014,WH-MAD,30044,30044,0,0.0,833420.5599999999,8.676350314261231,41.099863201094394,0.0,1.0,0.21110411661978964,619.1080711354309,703.6703146374829,19724.78314637483,15.203351573187414,0.17236662106703146,20,0.0,38,17.07894736842105,2.453696372627824,0.14366789238806982,Snacks,A,SUP-04,31.86,59.6,51.47538761480629,0.2024097770237085,20,197,0.904,32800.116988154565,0.0,0.0,42.25245741944556,12.41,Low,Monitor: maintain policy and track variability,0.0,0.0
SKU-001,WH-PORTO,51302,50266,1036,37482.48,841955.5,23.574660303736234,70.18057455540355,0.028727770177838577,0.9798058555222019,0.3359143246273281,434.46648426812584,316.608755129959,8441.683789329685,6.1148426812585495,0.0,16,0.0,72,4.666666666666667,1.609828964758259,0.3449633495910555,Beverages,A,SUP-02,19.43,36.18,82.47051882260268,0.3214841662371842,16,208,0.783,25638.434891570723,0.0,17353.0,99.73786284961709,12.3,Low,Monitor: maintain policy and track variability,9544.15,0.0
SKU-029,WH-PORTO,24245,24245,0,0.0,333853.65,11.50911722278444,33.16689466484268,0.0,1.0,0.34700617405054346,558.3502051983584,329.08481532147744,11077.668071135431,17.197619699042406,0.1491108071135431,24,0.0013679890560875513,30,9.966666666666667,0.9278574999588488,0.09309607022998483,Frozen,B,SUP-07,19.84,33.61,37.64773999907662,0.3408635923683493,24,365,0.874,17926.347877960325,0.0,0.0,30.137538681981912,12.29,Low,Monitor: maintain policy and track variability,0.0,0.0
SKU-017,WH-LIS,60379,58763,1616,69875.84,982517.36,25.422828606997104,82.59781121751026,0.03283173734610123,0.9732357276536544,0.3077905846687571,613.686730506156,459.08481532147744,16274.972093023256,7.469288645690835,0.0,19,0.0,56,5.785714285714286,1.785948036648992,0.30868237670476406,Frozen,A,SUP-01,26.52,43.24,80.85676897463227,0.2830226895190018,19,365,0.918,40742.10875093771,0.0,27019.520000000004,60.36983377815959,12.28,Low,Monitor: maintain policy and track variability,14860.74,0.0
SKU-041,WH-LIS,34193,34193,0,0.0,236957.49,16.097187985787805,46.775649794801645,0.0,1.0,0.344136063451902,832.0861833105336,320.74281805745557,6290.571545827633,18.130670314637484,0.09986320109439124,27,0.0013679890560875513,27,6.962962962962963,2.1390415085964496,0.30720276985161776,Frozen,B,SUP-10,7.56,14.49,45.1720919264514,0.3396491226508702,27,365,0.893,9220.52740402726,0.0,0.0,37.66867418544306,12.15,Low,Monitor: maintain policy and track variability,0.0,0.0
SKU-006,WH-PORTO,56753,56720,33,3039.96,2136642.4,21.437674332324775,77.6374829001368,0.0013679890560875513,0.9994185329409899,0.2761253138500063,908.4035567715458,578.6511627906976,49462.57366621067,11.884350205198357,0.11491108071135431,17,0.0013679890560875513,45,7.488888888888889,2.051853067376173,0.27398631463480055,Dairy,A,SUP-03,54.45,92.12,88.61293698064758,0.2563914553644441,17,35,0.899,82024.56511613644,0.0,1243.1100000000001,43.19715375950206,12.1,Low,Monitor: maintain policy and track variability,683.71,0.0
SKU-022,WH-MAD,26771,26294,477,8938.98,204304.38,14.266148843667516,36.62243502051984,0.023255813953488372,0.9821822120951776,0.38954670369881417,360.4829001367989,247.78112175102598,3954.4974145006836,9.948686730506155,0.0,23,0.006839945280437756,42,6.976190476190476,2.1355081104184976,0.30611379057193483,Personal Care,B,SUP-03,10.97,18.74,45.727164323676725,0.377912654247422,23,145,0.899,11537.420830506877,0.0,3706.289999999999,51.66380416657741,12.07,Low,Monitor: maintain policy and track variability,2038.46,0.0
SKU-050,WH-PORTO,6506,6496,10,398.8,92568.0,4.317487534596643,8.900136798905608,0.0027359781121751026,0.9984629572702121,0.48510350258071727,168.0013679890561,48.198358413132695,4305.875061559507,19.02979480164159,0.02051983584131327,32,0.02188782489740082,24,5.541666666666667,1.7189270330434436,0.31018232175220034,Snacks,C,SUP-01,25.63,39.88,10.220471351142717,0.4975800627207872,32,141,0.918,8382.42178335321,0.0,142.50000000000003,21.49806919071953,12.02,Low,Monitor: maintain policy and track variability,78.38,0.0
SKU-021,WH-MAD,27122,26742,380,35815.0,1217563.26,16.03178798860956,37.102599179206564,0.017783857729138167,0.9859892338323133,0.4320933935430126,479.33515731874144,242.68946648426814,23353.208864569082,12.717523939808482,0.0,31,0.015047879616963064,31,6.741935483870968,1.879144165757094,0.27872473271995174,Household,B,SUP-05,48.72,94.25,47.74525607054186,0.4305306287855234,31,170,0.922,72110.61514846078,0.0,17301.4,52.13687194170807,11.99,Low,Monitor: maintain policy and track variability,9515.77,0.0
SKU-026,WH-PORTO,21323,21323,0,0.0,831170.54,12.358290756060638,29.169630642954857,0.0,1.0,0.42366977173382386,424.5020519835841,199.7797537619699,15782.986292749658,14.447920656634746,0.08071135430916553,22,0.008207934336525308,34,6.911764705882353,1.6398013009494061,0.23724784779693533,Snacks,B,SUP-10,37.18,76.16,33.97955458943682,0.4098489433024133,22,189,0.893,27793.916471975743,0.0,0.0,52.662438183946264,11.81,Low,Monitor: maintain policy and track variability,0.0,0.0
SKU-011,WH-LIS,62864,62573,291,10505.1,1158226.23,30.293179180022285,85.99726402188783,0.006839945280437756,0.9953709595316874,0.35225747614845204,867.7948016415869,617.2612859097127,15264.510560875515,10.388837209302325,0.09302325581395349,16,0.0,44,7.25,1.1837072233866255,0.1632699618464311,Frozen,A,SUP-09,17.59,36.1,82.3405384409586,0.3419928971618566,16,365,0.869,23173.92113882339,0.0,5386.410000000001,75.87706303329836,11.68,Low,Monitor: maintain policy and track variability,2962.53,0.0
SKU-056,WH-LIS,7178,7155,23,277.84000000000003,40282.65,4.636981209572349,9.819425444596444,0.005471956224350205,0.9967957648370019,0.47222530846996197,185.56908344733242,56.51983584131327,1196.920588235294,18.857756497948017,0.0,38,0.019151846785225718,22,5.818181818181818,2.061815280543398,0.35437450134339654,Snacks,C,SUP-01,6.45,12.08,9.68854923542876,0.446126094497482,38,152,0.918,2374.663417603589,0.0,129.49,33.65524028573325,11.4,Low,Monitor: maintain policy and track variability,71.22,0.0
SKU-024,WH-LIS,21080,20777,303,5778.21,177435.58,11.319375309919598,28.837209302325583,0.019151846785225718,0.9856261859582542,0.3925267244568893,319.42544459644324,176.05745554035568,3363.549931600547,11.017264021887824,0.0,30,0.008207934336525308,36,6.333333333333333,1.942016624910449,0.30663420393322877,Dairy,B,SUP-10,10.53,19.07,28.644668425473853,0.3889596257636996,30,35,0.893,9048.850755607189,0.0,2587.6200000000003,52.75247390650959,11.37,Low,Monitor: maintain policy and track variability,1423.19,0.0
SKU-033,WH-MAD,24758,24313,445,23433.7,359832.4,12.664987472905297,33.8686730506156,0.025991792065663474,0.9820260117941676,0.3739440117414077,293.4733242134063,236.5253077975376,11110.900054719563,8.821299589603283,0.0,21,0.004103967168262654,47,7.191489361702128,1.714874794166319,0.2384589210822988,Household,B,SUP-05,37.86,52.66,42.038632758054845,0.3919809394562608,21,196,0.922,33423.23536061908,0.0,6585.999999999999,32.38553116560116,11.17,Low,Monitor: maintain policy and track variability,3622.3,0.0
SKU-008,WH-MAD,29792,29660,132,6619.8,399520.2,14.162035312603074,40.75512995896033,0.008207934336525308,0.9955692803437164,0.3474908637725848,598.2708618331053,694.6060191518468,21944.575212038304,15.25064295485636,0.07250341997264022,24,0.004103967168262654,33,17.242424242424242,2.9158007372579386,0.16910619390072404,Snacks,A,SUP-04,36.68,50.15,49.65313354751483,0.3372704201240555,24,102,0.904,43710.646524548254,0.0,1778.04,18.205875308118618,11.09,Low,Monitor: maintain policy and track variability,977.92,0.0
SKU-023,WH-PORTO,25388,25388,0,0.0,414332.16,15.225965102583785,34.73050615595075,0.0,1.0,0.43840320190596926,653.313269493844,209.58823529411765,14189.964213406292,18.642886456908347,0.058823529411764705,29,0.006839945280437756,25,6.08,1.705872210923198,0.28057108732289443,Frozen,B,SUP-01,21.72,38.04,40.57230036367836,0.4332696039076356,29,365,0.918,25555.680553073726,0.0,0.0,29.19895735949427,11.08,Low,Monitor: maintain policy and track variability,0.0,0.0
SKU-010,WH-LIS,52174,52174,0,0.0,1052349.58,16.74126413549167,71.3734610123119,0.0,1.0,0.23455867066056674,1128.3871409028727,322.109439124487,52819.802065663476,15.889589603283175,0.1094391244870041,23,0.0,32,4.5,1.3912166872805047,0.30915926384011216,Personal Care,A,SUP-02,46.81,66.98,69.93162645925722,0.2278097432526314,23,173,0.783,75290.4869948301,0.0,0.0,19.923391206422185,11.06,Low,Monitor: maintain policy and track variability,0.0,0.0
SKU-016,WH-MAD,42516,41538,978,107315.94,2224359.9,15.407565839431445,58.16142270861833,0.028727770177838577,0.9769968952864804,0.2649104014635522,455.015047879617,288.9466484268126,25562.74538987688,7.830424076607387,0.0,19,0.0,54,5.148148148148148,1.675657093387292,0.3254873490752294,Personal Care,A,SUP-02,56.18,109.73,73.52888002564883,0.2512494342837716,19,106,0.783,78486.19711697807,0.0,52371.9,87.0156888892251,11.0,Low,Monitor: maintain policy and track variability,28804.54,0.0
SKU-023,WH-MAD,22963,22963,0,0.0,374756.16,13.869906021653179,31.41313269493844,0.0,1.0,0.4415320864794876,594.5102599179206,176.38030095759234,12912.762845417237,18.49047879616963,0.058823529411764705,29,0.009575923392612859,25,5.64,1.4106735979665883,0.2501194322635795,Frozen,B,SUP-01,21.72,38.04,40.57230036367836,0.4332696039076356,29,365,0.918,25555.680553073726,0.0,0.0,29.02215153227271,10.99,Low,Monitor: maintain policy and track variability,0.0,0.0
SKU-037,WH-PORTO,24686,24531,155,9715.4,588744.0,12.417033698059335,33.77017783857729,0.006839945280437756,0.9937211374868347,0.36769228037273655,610.4172366621067,242.55266757865937,23610.938714090287,17.888809849521202,0.030095759233926128,30,0.0,26,7.5,3.023243291566195,0.40309910554215933,Beverages,B,SUP-06,38.68,62.68,39.57299169563095,0.3598288767199359,30,228,0.889,45920.49956361015,0.0,3720.0,24.935222065044606,10.9,Low,Monitor: maintain policy and track variability,2046.0,0.0
SKU-031,WH-MAD,24913,24571,342,1573.2,31696.59,13.482014301663833,34.080711354309166,0.015047879616963064,0.9862722273511821,0.39559075400458643,638.8057455540355,558.0725034199727,2114.447017783858,18.669794801641586,0.03556771545827633,31,0.004103967168262654,25,16.84,2.896549671592047,0.17200413726793629,Beverages,B,SUP-04,3.31,4.6,43.30303822076656,0.381253807865498,31,217,0.904,4443.324751832856,0.0,441.17999999999984,14.990486748266243,10.9,Low,Monitor: maintain policy and track variability,242.65,0.0
SKU-055,WH-MAD,8385,8385,0,0.0,45195.15,5.296951520160431,11.470588235294118,0.0,1.0,0.4617855171421914,238.76333789329686,63.81532147742818,1203.3672229822162,20.40358413132695,0.013679890560875513,35,0.02051983584131327,21,5.714285714285714,1.927248223318863,0.337268439080801,Beverages,C,SUP-01,5.04,10.43,14.793831898459976,0.4582431232169418,35,100,0.918,2609.6319468883394,0.0,0.0,37.55723866900429,10.83,Low,Monitor: maintain policy and track variability,0.0,0.0
SKU-039,WH-PORTO,26610,26464,146,3092.2799999999997,249290.88,15.36620364243397,36.40218878248974,0.005471956224350205,0.9945133408493048,0.4221230688695691,536.6689466484269,298.5581395348837,6311.226812585499,14.691682626538988,0.03419972640218878,25,0.006839945280437756,31,8.387096774193548,2.4314250876778516,0.28990068353082077,Household,B,SUP-06,11.76,21.18,42.28077700175257,0.4213096047149116,25,239,0.889,12430.548438515254,0.0,1375.32,39.499591347735745,10.76,Low,Monitor: maintain policy and track variability,756.43,0.0
SKU-048,WH-PORTO,11929,11683,246,2036.8799999999999,29207.5,7.362505272890085,16.318741450068398,0.023255813953488372,0.9793779864196496,0.4511686943149177,262.593707250342,108.22435020519836,1517.7916279069766,16.14238030095759,0.0,45,0.006839945280437756,23,6.956521739130435,1.0650762187649556,0.15310470644746238,Dairy,C,SUP-09,5.78,8.28,18.87052500829833,0.4431755853266835,45,35,0.869,4908.223554658395,0.0,614.9999999999998,19.2434188349536,10.76,Low,Monitor: maintain policy and track variability,338.25,0.0
SKU-041,WH-PORTO,28199,28199,0,0.0,195419.07,13.660689339177601,38.57592339261286,0.0,1.0,0.3541247528968696,708.6429548563611,251.25034199726403,5357.340738714091,18.159466484268126,0.08755129958960328,27,0.0013679890560875513,27,6.444444444444445,1.6486202467362572,0.2558203831142468,Frozen,B,SUP-10,7.56,14.49,45.1720919264514,0.3396491226508702,27,365,0.893,9220.52740402726,0.0,0.0,36.47687902093492,10.76,Low,Monitor: maintain policy and track variability,0.0,0.0
SKU-015,WH-MAD,29669,29669,0,0.0,1290601.5,10.451796327624683,40.58686730506156,0.0,1.0,0.2575167048263724,505.19835841313267,253.22571819425445,20601.98905608755,12.536320109439124,0.09575923392612859,18,0.0,45,6.2444444444444445,1.9674112612026673,0.3150658603349467,Household,A,SUP-03,40.78,84.28,50.8975988200791,0.2475882929502399,18,173,0.899,37360.87343789086,0.0,0.0,62.644509541599255,10.59,Low,Monitor: maintain policy and track variability,0.0,0.0
SKU-020,WH-MAD,48784,48577,207,12235.77,1143988.35,14.837293063294789,66.7359781121751,0.006839945280437756,0.9957568055100032,0.22232824756617928,651.7523939808482,496.17099863201094,23176.31512995896,9.78358413132695,0.07797537619699042,15,0.0,54,7.462962962962963,2.043978390047149,0.27388296045296784,Snacks,A,SUP-05,35.56,59.11,84.37522240055739,0.210854729631409,15,105,0.922,45005.74362845731,0.0,4874.849999999999,49.36023451464115,10.34,Low,Monitor: maintain policy and track variability,2681.17,0.0
SKU-046,WH-PORTO,10601,10601,0,0.0,227709.48,7.608281980033665,14.502051983584131,0.0,1.0,0.524634857787436,391.9247606019152,102.83173734610124,11009.166525307799,27.133693570451435,0.006839945280437756,50,0.03419972640218878,15,7.066666666666666,1.162919151265879,0.16456403083951118,Personal Care,C,SUP-09,28.09,49.57,16.730077561072658,0.5331033757484469,50,133,0.869,23497.393934526546,0.0,0.0,20.683625729208742,10.33,Low,Monitor: maintain policy and track variability,0.0,0.0
SKU-010,WH-MAD,40976,40181,795,53249.1,810450.77,13.400562818762618,56.054719562243505,0.03146374829001368,0.980598399062866,0.23906216859906954,503.98358413132695,285.608755129959,23591.471573187413,9.099726402188782,0.0,23,0.0,42,5.238095238095238,1.375916968026632,0.26267505753235704,Personal Care,A,SUP-02,46.81,66.98,69.93162645925722,0.2278097432526314,23,173,0.783,75290.4869948301,0.0,16035.150000000001,34.35354880197925,10.32,Low,Monitor: maintain policy and track variability,8819.33,0.0
SKU-055,WH-LIS,11197,11091,106,1105.58,59780.49,6.757276074066956,15.317373461012313,0.009575923392612859,0.9905331785299634,0.44115109494890997,239.8344733242134,88.06839945280437,1208.7657455540357,15.975088919288646,0.0,35,0.015047879616963064,26,5.923076923076923,1.647375535160746,0.278128337105061,Beverages,C,SUP-01,5.04,10.43,14.793831898459976,0.4582431232169418,35,100,0.918,2609.6319468883394,0.0,571.3399999999999,49.45581078871466,10.3,Low,Monitor: maintain policy and track variability,314.24,0.0
SKU-056,WH-MAD,5711,5711,0,0.0,32152.93,3.2669629425017748,7.812585499316006,0.0,1.0,0.4181666802606894,179.02462380300958,44.952120383036934,1154.7088235294118,23.292722298221612,0.036935704514363885,38,0.009575923392612859,19,5.842105263157895,1.803181074740996,0.30865261639710745,Snacks,C,SUP-01,6.45,12.08,9.68854923542876,0.446126094497482,38,152,0.918,2374.663417603589,0.0,0.0,27.845054393646475,10.08,Low,Monitor: maintain policy and track variability,0.0,0.0
SKU-021,WH-LIS,34588,34588,0,0.0,1574791.64,21.261000464094256,47.316005471956224,0.0,1.0,0.4493405614448046,936.3679890560876,341.469220246238,45619.84842681258,19.289917920656634,0.049247606019151846,31,0.009575923392612859,23,7.173913043478261,1.5855074872402406,0.22101013458500324,Household,B,SUP-05,48.72,94.25,47.74525607054186,0.4305306287855234,31,170,0.922,72110.61514846078,0.0,0.0,34.51987883139114,10.06,Low,Monitor: maintain policy and track variability,0.0,0.0
SKU-035,WH-MAD,28039,27959,80,1137.6,123578.78,13.307831210638192,38.35704514363885,0.005471956224350205,0.9971468311994008,0.34694620403639637,532.6538987688099,321.55403556771546,5220.0082079343365,13.95860465116279,0.03556771545827633,24,0.0013679890560875513,33,8.606060606060606,2.9255276654327034,0.33993807380027896,Frozen,B,SUP-06,9.8,14.22,48.21783229086555,0.3308068781481532,24,365,0.889,11340.834154811579,0.0,353.6,23.674058560322194,9.89,Low,Monitor: maintain policy and track variability,194.48,0.0
SKU-055,WH-PORTO,9494,9493,1,10.43,51167.27,5.875755759362371,12.987688098495212,0.0013679890560875513,0.9998946703180956,0.4524096755944695,255.98632010943913,80.57865937072503,1290.1710533515732,20.009001367989057,0.01094391244870041,35,0.02188782489740082,22,6.409090909090909,1.6521008532886934,0.2577746012223493,Beverages,C,SUP-01,5.04,10.43,14.793831898459976,0.4582431232169418,35,100,0.918,2609.6319468883394,0.0,5.39,39.65929158546766,9.84,Low,Monitor: maintain policy and track variability,2.96,0.0
SKU-033,WH-LIS,31691,31346,345,18167.7,463920.8,17.313346707506998,43.35294117647059,0.015047879616963064,0.9891136284749613,0.3993580651663758,430.81668946648426,312.8030095759234,16310.719863201095,10.112421340629275,0.0,21,0.008207934336525308,44,7.295454545454546,1.8373330704690765,0.2518462775720852,Household,B,SUP-05,37.86,52.66,42.038632758054845,0.3919809394562608,21,196,0.922,33423.23536061908,0.0,5105.999999999999,28.44269314235848,9.77,Low,Monitor: maintain policy and track variability,2808.3,0.0
SKU-054,WH-MAD,8000,8000,0,0.0,264400.0,4.826397222693999,10.943912448700411,0.0,1.0,0.44101204622366413,309.3201094391245,78.4281805745554,9326.001299589603,29.10577291381669,0.047879616963064295,48,0.015047879616963064,15,7.2,1.207121724244435,0.1676557950339493,Dairy,C,SUP-05,30.15,63.2,13.42234091621577,0.4595965646460482,48,35,0.922,19424.81177394746,0.0,0.0,28.350843143420438,9.69,Low,Monitor: maintain policy and track variability,0.0,0.0
SKU-058,WH-MAD,4893,4893,0,0.0,126532.98,2.473796865759898,6.693570451436388,0.0,1.0,0.3695780725261569,135.7387140902873,43.132694938440494,3971.7147742818056,20.35392612859097,0.04103967168262654,33,0.004103967168262654,22,6.590909090909091,2.3229515483763095,0.3524478211329573,Personal Care,C,SUP-05,29.26,55.12,8.423793131951308,0.3621423224617395,33,228,0.922,8133.846172349545,0.0,0.0,31.858526402586552,9.67,Low,Monitor: maintain policy and track variability,0.0,0.0
SKU-035,WH-LIS,36613,36192,421,5986.62,159968.64,16.849518120479843,50.086183310533514,0.01094391244870041,0.9885013519788053,0.3364105029926738,621.9945280437756,376.4719562243502,6095.546374829002,12.698536251709985,0.013679890560875513,24,0.0,37,7.594594594594595,2.743269131078015,0.36121337313126883,Frozen,B,SUP-06,9.8,14.22,48.21783229086555,0.3308068781481532,24,365,0.889,11340.834154811579,0.0,1860.82,26.243527677941355,9.64,Low,Monitor: maintain policy and track variability,1023.45,0.0
SKU-018,WH-PORTO,34723,34723,0,0.0,588554.85,15.675858310730096,47.500683994528046,0.0,1.0,0.3300133175458255,731.781121751026,475.6265389876881,26988.087770177837,15.107660738714092,0.09986320109439124,22,0.0027359781121751026,34,10.029411764705882,1.3139183618762544,0.13100652288502243,Dairy,A,SUP-07,36.88,53.83,56.15278033281111,0.3188166897820647,22,35,0.874,45560.11985082963,0.0,0.0,21.807949307559323,9.56,Low,Monitor: maintain policy and track variability,0.0,0.0
SKU-045,WH-MAD,8221,8217,4,326.48,349222.5,5.6807385631373775,11.246238030095759,0.0013679890560875513,0.9995134411872035,0.5051234508762222,263.92612859097125,78.89466484268125,10324.790150478795,23.868714090287277,0.0,45,0.028727770177838577,17,7.294117647058823,1.3117119482928095,0.17983147678207873,Household,C,SUP-09,39.12,81.62,13.97715787336605,0.5257583664247232,45,225,0.869,24605.38872027359,0.0,170.00000000000003,33.82368986780863,9.52,Low,Monitor: maintain policy and track variability,93.5,0.0
SKU-045,WH-LIS,10189,10158,31,2530.2200000000003,431715.0,7.188101833972834,13.93844049247606,0.005471956224350205,0.9969575031897144,0.51570344887959,274.66757865937075,91.94801641586868,10744.995677154582,19.40435020519836,0.0,45,0.03146374829001368,20,6.8,0.5231483637805971,0.07693358290891135,Household,C,SUP-09,39.12,81.62,13.97715787336605,0.5257583664247232,45,225,0.869,24605.38872027359,0.0,1317.5000000000002,40.17823859323542,9.4,Low,Monitor: maintain policy and track variability,724.63,0.0
SKU-046,WH-MAD,9913,9892,21,1040.97,212480.16,7.025788215876193,13.560875512995896,0.0027359781121751026,0.9978815696560073,0.5180925235353069,364.6949384404925,98.55266757865937,10244.280820793434,27.478686730506155,0.0013679890560875513,50,0.024623803009575923,15,7.4,1.121223821162776,0.15151673258956433,Personal Care,C,SUP-09,28.09,49.57,16.730077561072658,0.5331033757484469,50,133,0.869,23497.393934526546,0.0,451.08,20.74134472853538,9.24,Low,Monitor: maintain policy and track variability,248.09,0.0
SKU-042,WH-PORTO,13424,13248,176,7740.48,170369.28,6.665717502033396,18.36388508891929,0.023255813953488372,0.9868891537544696,0.36297970008837993,202.59507523939808,126.43638850889192,6304.758741450068,11.014172366621066,0.0,32,0.004103967168262654,34,7.205882352941177,1.122211338728162,0.15573545108880615,Dairy,B,SUP-09,31.12,43.98,21.339472669228368,0.3480395084803173,32,35,0.869,21250.70046292438,0.0,2263.359999999999,27.022331382789087,9.22,Low,Monitor: maintain policy and track variability,1244.85,0.0
SKU-028,WH-LIS,31075,30699,376,19213.600000000002,818128.35,18.09255780741192,42.510259917920656,0.017783857729138167,0.9879002413515687,0.42560449741651213,495.76333789329686,276.781121751026,12121.413611491107,11.667099863201093,0.0,33,0.008207934336525308,33,6.787878787878788,0.96038975673863,0.14148599094810174,Personal Care,B,SUP-09,24.45,51.1,41.89057126032134,0.4060602987818784,33,218,0.869,33799.40742139027,0.0,10020.400000000001,67.49446691798504,9.17,Low,Monitor: maintain policy and track variability,5511.22,0.0
SKU-006,WH-MAD,51974,51278,696,64115.520000000004,1931642.26,19.56134397385446,71.0998632010944,0.017783857729138167,0.9866086889598645,0.27512491716796106,625.5280437756498,481.2476060191519,34060.00198358413,8.92344733242134,0.006839945280437756,17,0.0,54,6.907407407407407,2.174192702213672,0.31476248235801146,Dairy,A,SUP-03,54.45,92.12,88.61293698064758,0.2563914553644441,17,35,0.899,82024.56511613644,0.0,26218.32,56.712922710074764,9.13,Low,Monitor: maintain policy and track variability,14420.08,0.0
SKU-027,WH-MAD,24232,24085,147,5538.96,335263.2,12.929140227272345,33.149110807113544,0.008207934336525308,0.9939336414658303,0.39002977493133395,362.01641586867305,230.84131326949384,8601.510041039672,11.394021887824898,0.005471956224350205,22,0.005471956224350205,41,7.048780487804878,2.097036236122246,0.29750341066094144,Household,B,SUP-10,23.76,37.68,40.13694239925778,0.4025064294141304,22,156,0.893,20980.382530940024,0.0,2046.2399999999998,38.97724915746032,8.88,Low,Monitor: maintain policy and track variability,1125.43,0.0
SKU-016,WH-LIS,55830,55075,755,82846.15,2949266.25,19.400158764130232,76.37482900136798,0.016415868673050615,0.9864768045853484,0.25401246742932476,787.3201094391245,392.6128590971272,44231.643748290015,10.560478796169631,0.02051983584131327,19,0.0,38,5.2631578947368425,1.3086863751294662,0.24865041127459855,Personal Care,A,SUP-02,56.18,109.73,73.52888002564883,0.2512494342837716,19,106,0.783,78486.19711697807,0.0,40430.25,66.67774471108183,8.65,Low,Monitor: maintain policy and track variability,22236.64,0.0
SKU-036,WH-PORTO,20456,20438,18,151.55999999999997,68671.68,10.819933596229525,27.98358413132695,0.0027359781121751026,0.9991200625733281,0.3866528871159456,403.4897400820793,189.45006839945282,2041.6580848153214,14.450738714090287,0.04103967168262654,23,0.008207934336525308,34,6.764705882352941,1.207522470571064,0.17850332173659209,Dairy,B,SUP-09,5.06,8.42,32.354326897567105,0.3676612496818016,23,35,0.869,3765.396564338859,0.0,60.480000000000004,33.63524995235023,8.57,Low,Monitor: maintain policy and track variability,33.26,0.0
SKU-034,WH-MAD,13050,13039,11,768.79,399123.79,6.3511452721547315,17.852257181942544,0.0013679890560875513,0.9991570881226054,0.3557614708003915,362.1080711354309,130.87140902872778,14223.605034199725,20.084131326949386,0.038303693570451436,33,0.004103967168262654,22,7.318181818181818,2.032740670138381,0.2777658058574185,Personal Care,B,SUP-10,39.28,69.89,22.751630174725943,0.3417121284916979,33,177,0.893,29491.573097686756,0.0,336.71,28.06066317507643,8.56,Low,Monitor: maintain policy and track variability,185.19,0.0
SKU-003,WH-LIS,53151,52881,270,21267.9,1434661.53,19.419398474800925,72.70998632010944,0.009575923392612859,0.994920133205396,0.2670802108159673,648.2134062927497,419.50889192886456,33473.740300957594,9.101751025991792,0.017783857729138167,16,0.0013679890560875513,57,5.842105263157895,1.9620458863518908,0.33584569225843175,Household,A,SUP-01,51.64,78.77,70.16432223354361,0.2542419561695015,16,189,0.918,57972.56960224308,0.0,7325.0999999999985,42.85931351265691,8.41,Low,Monitor: maintain policy and track variability,4028.8,0.0
SKU-043,WH-MAD,12459,12459,0,0.0,352215.93,5.872457092247077,17.043775649794803,0.0,1.0,0.3445514194102748,291.1135430916553,83.49110807113543,8881.874199726402,16.871764705882352,0.04240766073871409,27,0.0013679890560875513,27,4.962962962962963,1.5059237257597968,0.3034323925038397,Beverages,B,SUP-02,30.51,58.78,21.74325445164342,0.3176912966594652,27,178,0.783,17911.4407196303,0.0,0.0,39.65558643139189,8.39,Low,Monitor: maintain policy and track variability,0.0,0.0
SKU-012,WH-MAD,48787,48787,0,0.0,1940258.99,23.118829886819935,66.74008207934337,0.0,1.0,0.3464009807380116,842.9726402188783,649.8043775649795,39619.71409028728,12.487633378932967,0.08481532147742818,18,0.0,44,9.727272727272727,1.1686532969795733,0.12014192772687203,Dairy,A,SUP-07,47.0,86.77,85.12547698147112,0.3318859287486367,18,35,0.874,72016.15352632458,0.0,0.0,48.972059353544196,8.36,Low,Monitor: maintain policy and track variability,0.0,0.0
SKU-044,WH-LIS,22549,22142,407,41025.6,1007682.42,8.524809879797065,30.846785225718193,0.02188782489740082,0.981950419087321,0.276359750859535,410.265389876881,527.3378932968536,22683.57340629275,13.39809849521204,0.01094391244870041,25,0.0,33,17.636363636363637,2.945528197732346,0.16701448543843198,Snacks,B,SUP-04,55.29,100.8,30.21772386774573,0.2709959431792141,25,94,0.904,41768.448816191536,0.0,18522.57,44.423442548097576,8.3,Low,Monitor: maintain policy and track variability,10187.41,0.0
SKU-031,WH-LIS,31504,31278,226,1039.6,40348.62,16.426344692445262,43.097127222982216,0.008207934336525308,0.9928263077704419,0.3811470914860807,790.7647058823529,722.610123119015,2617.431176470588,18.002448700410397,0.017783857729138167,31,0.006839945280437756,25,17.16,3.236252977338659,0.18859283084724118,Beverages,B,SUP-04,3.31,4.6,43.30303822076656,0.381253807865498,31,217,0.904,4443.324751832856,0.0,291.5399999999999,15.415350883994256,8.22,Low,Monitor: maintain policy and track variability,160.35,0.0
SKU-029,WH-LIS,28449,27936,513,17241.93,384678.72,13.731130277005864,38.91792065663475,0.02188782489740082,0.981967731730465,0.35282281389473397,388.6798905608755,379.5882352941176,7711.40902872777,10.195800273597811,0.0,24,0.0027359781121751026,39,10.076923076923077,1.2222631163158257,0.12129328635195218,Frozen,B,SUP-07,19.84,33.61,37.64773999907662,0.3408635923683493,24,365,0.874,17926.347877960325,0.0,7064.01,49.88436206235896,8.12,Low,Monitor: maintain policy and track variability,3885.21,0.0
SKU-048,WH-LIS,14417,14382,35,289.8,35955.0,8.814265098775394,19.722298221614228,0.005471956224350205,0.99757231046681,0.4469187616844567,384.41313269493844,130.15868673050616,2221.907906976744,20.079603283173736,0.0,45,0.016415868673050615,20,6.85,1.0894228312566052,0.15903982938052633,Dairy,C,SUP-09,5.78,8.28,18.87052500829833,0.4431755853266835,45,35,0.869,4908.223554658395,0.0,87.49999999999997,16.182038817676492,7.92,Low,Monitor: maintain policy and track variability,48.12,0.0
SKU-005,WH-MAD,43950,43604,346,3982.46,153050.04,13.911113094166579,60.12311901504788,0.012311901504787962,0.992127417519909,0.23137710288591057,799.6060191518468,459.1969904240766,6396.848153214774,13.198700410396716,0.009575923392612859,24,0.0,35,7.685714285714286,2.41041159008445,0.31362232584741917,Frozen,A,SUP-06,8.0,11.51,76.33441687849812,0.231257055155139,24,365,0.889,14656.208040671638,0.0,1214.46,23.925851659161832,7.45,Low,Monitor: maintain policy and track variability,667.95,0.0
SKU-049,WH-MAD,4945,4932,13,780.9100000000001,136813.68,2.4969925504370156,6.764705882352941,0.0027359781121751026,0.9973710819009101,0.3691206378906893,162.2612859097127,37.98768809849521,5245.907373461012,24.04984952120383,0.0,48,0.005471956224350205,17,5.764705882352941,1.8884322785284717,0.3275851911733063,Beverages,C,SUP-01,32.33,60.07,8.51802725661948,0.3511250312349148,48,191,0.918,13218.615417912371,0.0,360.62,26.08007924275196,7.41,Low,Monitor: maintain policy and track variability,198.34,0.0
SKU-025,WH-LIS,33331,33259,72,2250.7200000000003,459639.38,18.80374309692978,45.59644322845417,0.004103967168262654,0.9978398487894152,0.41239495376243346,651.6292749658003,223.05745554035568,11364.414555403557,14.563967168262653,0.0,29,0.004103967168262654,30,4.966666666666667,1.3256965204630415,0.2669187625093372,Beverages,B,SUP-02,17.44,31.26,44.026525282552896,0.4090229677966172,29,175,0.783,22266.855426903956,0.0,995.04,40.44549569704411,7.31,Low,Monitor: maintain policy and track variability,547.27,0.0
SKU-042,WH-MAD,12223,12093,130,5717.4,155515.98,5.979539287636307,16.72093023255814,0.015047879616963064,0.9893643131800703,0.35760805197268597,186.15731874145007,114.98221614227086,5793.215759233925,11.03421340629275,0.0,32,0.005471956224350205,33,7.121212121212121,0.9923953268977463,0.13935764164947076,Dairy,B,SUP-09,31.12,43.98,21.339472669228368,0.3480395084803173,32,35,0.869,21250.70046292438,0.0,1671.7999999999995,26.844499922537825,7.25,Low,Monitor: maintain policy and track variability,919.49,0.0
SKU-016,WH-PORTO,46151,45679,472,51792.56,2446110.45,16.898847404689874,63.13406292749658,0.015047879616963064,0.9897727026499967,0.2676660842198067,447.58960328317374,308.6060191518468,25145.5839124487,7.038358413132695,0.0,19,0.0,59,5.0,1.339068126823972,0.26781362536479436,Personal Care,A,SUP-02,56.18,109.73,73.52888002564883,0.2512494342837716,19,106,0.783,78486.19711697807,0.0,25275.600000000002,97.27793391144981,7.19,Low,Monitor: maintain policy and track variability,13901.58,0.0
SKU-006,WH-LIS,66196,66043,153,14094.36,2487839.81,24.572746518175542,90.55540355677155,0.0027359781121751026,0.9976886820955949,0.27135593849758777,951.781121751026,614.3036935704514,51824.48207934336,10.590396716826266,0.038303693570451436,17,0.0,50,6.8,1.7728105208558367,0.26070742953762305,Dairy,A,SUP-03,54.45,92.12,88.61293698064758,0.2563914553644441,17,35,0.899,82024.56511613644,0.0,5763.51,48.00510704942721,7.0,Low,Monitor: maintain policy and track variability,3169.93,0.0
SKU-007,WH-LIS,58687,58309,378,4906.44,301457.53,23.201156768425626,80.28317373461012,0.01094391244870041,0.9935590505563413,0.28899152448956555,609.1326949384405,409.04924760601915,4757.32634746922,7.587017783857728,0.0013679890560875513,15,0.0,64,5.140625,1.456972153866661,0.2834231545515693,Beverages,A,SUP-02,7.81,12.98,79.13337884258445,0.2866425029194153,15,112,0.783,9270.475331408767,0.0,1954.2600000000002,63.36700658771664,6.92,Low,Monitor: maintain policy and track variability,1074.84,0.0
SKU-027,WH-LIS,30327,30294,33,1243.44,421692.48,16.560252237299917,41.487004103967166,0.0027359781121751026,0.998911860718172,0.39916722344663963,488.3488372093023,280.0478796169631,11603.168372093023,11.988440492476059,0.0027359781121751026,22,0.004103967168262654,39,6.846153846153846,1.7402126539511373,0.254188365183874,Household,B,SUP-10,23.76,37.68,40.13694239925778,0.4025064294141304,22,156,0.893,20980.382530940024,0.0,459.35999999999996,36.342873470165244,6.82,Low,Monitor: maintain policy and track variability,252.65,0.0
SKU-048,WH-MAD,11140,11127,13,107.64,27817.5,6.685201950326843,15.239398084815322,0.0027359781121751026,0.9988330341113106,0.4386788712467614,316.28864569083447,111.07523939808482,1828.1483720930232,21.175554035567714,0.0,45,0.016415868673050615,19,7.315789473684211,0.8852263727398503,0.12100216605796514,Dairy,C,SUP-09,5.78,8.28,18.87052500829833,0.4431755853266835,45,35,0.869,4908.223554658395,0.0,32.499999999999986,15.216215721129958,6.65,Low,Monitor: maintain policy and track variability,17.87,0.0
SKU-010,WH-PORTO,44907,44907,0,0.0,905774.19,13.712278173918625,61.43228454172367,0.0,1.0,0.22320964092757287,891.3761969904241,309.1751025991792,41725.319781121754,14.774500683994528,0.0560875512995896,23,0.0,33,5.0606060606060606,1.2732682832820899,0.25160391226532314,Personal Care,A,SUP-02,46.81,66.98,69.93162645925722,0.2278097432526314,23,173,0.783,75290.4869948301,0.0,0.0,21.708022724604962,6.62,Low,Monitor: maintain policy and track variability,0.0,0.0
SKU-014,WH-PORTO,32755,32616,139,8284.4,904767.84,10.135194844718672,44.808481532147745,0.006839945280437756,0.9957563730728133,0.22618920566293235,560.5745554035568,756.2722298221614,17859.90533515732,12.654569083447333,0.05198358413132695,20,0.0,41,16.975609756097562,2.2966040677274866,0.13528845801268238,Snacks,A,SUP-04,31.86,59.6,51.47538761480629,0.2024097770237085,20,197,0.904,32800.116988154565,0.0,3855.86,50.65916212998955,6.56,Low,Monitor: maintain policy and track variability,2120.72,0.0
SKU-043,WH-PORTO,13807,13763,44,2586.3199999999997,389080.01,6.1326435830922295,18.887824897400822,0.0027359781121751026,0.9968132106902295,0.32468765548203227,279.00820793433655,88.68262653898769,8512.540424076607,14.894295485636114,0.0,27,0.0027359781121751026,30,4.833333333333333,1.59920957487373,0.33087094652559934,Beverages,B,SUP-02,30.51,58.78,21.74325445164342,0.3176912966594652,27,178,0.783,17911.4407196303,0.0,1243.8799999999999,45.70668573855321,6.51,Low,Monitor: maintain policy and track variability,684.13,0.0
SKU-034,WH-PORTO,14050,13989,61,4263.290000000001,428203.29,6.792576563988066,19.220246238030096,0.005471956224350205,0.9956583629893239,0.35340736429005526,293.2735978112175,129.9001367989056,11519.786922024625,14.902612859097127,0.0,33,0.004103967168262654,27,6.851851851851852,1.7030222841421956,0.24854919822615826,Personal Care,B,SUP-10,39.28,69.89,22.751630174725943,0.3417121284916979,33,177,0.893,29491.573097686756,0.0,1867.21,37.1711120091397,6.49,Low,Monitor: maintain policy and track variability,1026.97,0.0
SKU-044,WH-PORTO,18871,18871,0,0.0,858819.21,7.552380410325213,25.81532147742818,0.0,1.0,0.2925541879046013,430.9521203830369,443.3625170998632,23827.342735978113,16.548481532147743,0.06976744186046512,25,0.0,30,17.2,1.8270005567822794,0.10622096260362089,Snacks,B,SUP-04,55.29,100.8,30.21772386774573,0.2709959431792141,25,94,0.904,41768.448816191536,0.0,0.0,36.04343209883935,6.41,Low,Monitor: maintain policy and track variability,0.0,0.0
SKU-049,WH-PORTO,5393,5386,7,420.49,149407.63999999998,2.5844084842063255,7.377564979480164,0.0027359781121751026,0.9987020211385129,0.35030643462911626,171.10670314637483,41.77291381668947,5531.879712722298,23.20664842681259,0.0,48,0.0027359781121751026,17,5.882352941176471,1.6538724611187707,0.281158318390191,Beverages,C,SUP-01,32.33,60.07,8.51802725661948,0.3511250312349148,48,191,0.918,13218.615417912371,0.0,194.18,27.00847591757827,6.16,Low,Monitor: maintain policy and track variability,106.8,0.0
SKU-028,WH-PORTO,26537,26537,0,0.0,707211.05,14.948779491413093,36.30232558139535,0.0,1.0,0.41178572590055285,699.1737346101231,254.8248974008208,17094.797811217508,19.33658002735978,0.006839945280437756,33,0.012311901504787962,23,7.086956521739131,1.0834726777719228,0.15288264778376823,Personal Care,B,SUP-09,24.45,51.1,41.89057126032134,0.4060602987818784,33,218,0.869,33799.40742139027,0.0,0.0,41.3699569781359,6.1,Low,Monitor: maintain policy and track variability,0.0,0.0
SKU-013,WH-LIS,41895,41719,176,13926.88,1096375.32,12.311754404483256,57.31190150478796,0.006839945280437756,0.9957990213629312,0.21482020455131307,557.359781121751,374.36525307797535,29456.46443228454,9.832872777017784,0.012311901504787962,18,0.0,50,6.64,1.9770107305149935,0.2977425798968364,Beverages,A,SUP-05,52.85,79.13,55.84367587525581,0.2060583338261639,18,165,0.922,53124.088860130854,0.0,4625.279999999999,37.220193975430504,5.92,Low,Monitor: maintain policy and track variability,2543.9,0.0
SKU-011,WH-PORTO,52408,52097,311,11227.1,964315.47,24.467685140579253,71.69357045143639,0.01094391244870041,0.9940657914822164,0.34128144248518233,541.8139534883721,501.44596443228454,9530.507441860465,7.636976744186047,0.0,16,0.0,61,7.065573770491803,0.963826617516802,0.13641165584344528,Frozen,A,SUP-09,17.59,36.1,82.3405384409586,0.3419928971618566,16,365,0.869,23173.92113882339,0.0,5756.610000000001,101.18196495650125,5.46,Low,Monitor: maintain policy and track variability,3166.14,0.0
SKU-012,WH-LIS,64595,64595,0,0.0,2568943.15,31.47696434137499,88.36525307797538,0.0,1.0,0.35621427252179144,924.3187414500684,876.7961696306429,43442.980848153216,10.687551299589604,0.025991792065663474,18,0.0027359781121751026,46,9.934782608695652,1.3565016101566145,0.13654064347309466,Dairy,A,SUP-07,47.0,86.77,85.12547698147112,0.3318859287486367,18,35,0.874,72016.15352632458,0.0,0.0,59.1336759091016,5.24,Low,Monitor: maintain policy and track variability,0.0,0.0
SKU-042,WH-LIS,15664,15664,0,0.0,201439.04,8.102171151616579,21.428180574555405,0.0,1.0,0.3781082170474795,424.4199726402189,147.14090287277702,13207.94954856361,19.558207934336526,0.023255813953488372,32,0.0013679890560875513,23,6.913043478260869,0.9001536978993627,0.1302109122747506,Dairy,B,SUP-09,31.12,43.98,21.339472669228368,0.3480395084803173,32,35,0.869,21250.70046292438,0.0,0.0,15.251348383739616,5.14,Low,Monitor: maintain policy and track variability,0.0,0.0
SKU-019,WH-LIS,43190,42909,281,3043.23,205534.11,11.668826854247786,59.08344733242134,0.009575923392612859,0.9934938643204445,0.19749739362016974,623.6155950752394,417.7318741450068,3766.638194254446,10.612694938440493,0.0013679890560875513,21,0.0,43,7.209302325581396,1.9093521655622672,0.2648456229650887,Beverages,A,SUP-05,6.04,10.83,57.8124037052071,0.1835951627771948,21,166,0.922,7332.925285968468,0.0,1345.99,54.56699035057776,5.03,Low,Monitor: maintain policy and track variability,740.29,0.0
SKU-049,WH-LIS,6436,6431,5,300.35,178395.94,3.1289689298711014,8.80437756497948,0.0013679890560875513,0.9992231199502797,0.35538786322805704,201.58549931600547,50.45690834473324,6517.259192886457,23.308030095759232,0.0,48,0.0013679890560875513,17,6.0,1.3693063937629157,0.22821773229381928,Beverages,C,SUP-01,32.33,60.07,8.51802725661948,0.3511250312349148,48,191,0.918,13218.615417912371,0.0,138.70000000000002,27.37284719237773,5.02,Low,Monitor: maintain policy and track variability,76.29,0.0
SKU-028,WH-MAD,24437,24437,0,0.0,651246.05,13.154566983966141,33.42954856361149,0.0,1.0,0.39350118530422107,627.0889192886457,209.9329685362517,15332.324076607387,18.90093023255814,0.0013679890560875513,33,0.005471956224350205,24,6.375,1.0555237727226277,0.16557235650551022,Personal Care,B,SUP-09,24.45,51.1,41.89057126032134,0.4060602987818784,33,218,0.869,33799.40742139027,0.0,0.0,42.475364253069095,4.91,Low,Monitor: maintain policy and track variability,0.0,0.0
SKU-019,WH-MAD,33892,33892,0,0.0,162342.68,8.789097119333631,46.36388508891929,0.0,1.0,0.1895677444303341,599.6210670314638,342.77564979480167,3621.711244870041,13.086019151846784,0.036935704514363885,21,0.0,37,7.4324324324324325,1.6589913357978252,0.2232097433618892,Beverages,A,SUP-05,6.04,10.83,57.8124037052071,0.1835951627771948,21,166,0.922,7332.925285968468,0.0,0.0,44.82485461256738,4.49,Low,Monitor: maintain policy and track variability,0.0,0.0
SKU-032,WH-PORTO,27867,27867,0,0.0,73847.55,14.111986751708372,38.12175102599179,0.0,1.0,0.37018201871384865,560.625170998632,263.46785225718196,2965.7071545827635,14.774555403556773,0.0027359781121751026,27,0.0027359781121751026,30,7.033333333333333,1.217213701616236,0.17306355947150276,Snacks,B,SUP-09,5.29,7.94,44.02891560925029,0.3896241567957274,27,185,0.869,6288.65001646922,0.0,0.0,24.90048617439755,4.47,Low,Monitor: maintain policy and track variability,0.0,0.0
SKU-017,WH-PORTO,50805,50805,0,0.0,849459.6,19.942202433223734,69.50068399452805,0.0,1.0,0.2869353405902283,712.0601915184678,405.16552667578657,18883.83627906977,10.188864569083448,0.0027359781121751026,19,0.0,48,5.833333333333333,1.6155274921876706,0.276947570089315,Frozen,A,SUP-01,26.52,43.24,80.85676897463227,0.2830226895190018,19,365,0.918,40742.10875093771,0.0,0.0,44.98342325396633,4.46,Low,Monitor: maintain policy and track variability,0.0,0.0
SKU-032,WH-MAD,25925,25916,9,71.46,68677.4,14.10643788056508,35.46511627906977,0.0013679890560875513,0.9996528447444551,0.3977552976159334,521.1450068399453,245.47606019151846,2756.8570861833105,14.964268125854993,0.0,27,0.0027359781121751026,31,7.064516129032258,0.9286364150720396,0.13145081674535722,Snacks,B,SUP-09,5.29,7.94,44.02891560925029,0.3896241567957274,27,185,0.869,6288.65001646922,0.0,23.85,24.911483567354374,4.39,Low,Monitor: maintain policy and track variability,13.12,0.0
SKU-018,WH-LIS,42211,42211,0,0.0,715476.45,18.898690350750726,57.74418604651163,0.0,1.0,0.32728299842218334,761.2653898768809,568.8221614227086,28075.467578659373,13.37,0.016415868673050615,22,0.004103967168262654,37,9.891891891891891,1.0745485818029141,0.10862922821504871,Dairy,A,SUP-07,36.88,53.83,56.15278033281111,0.3188166897820647,22,35,0.874,45560.11985082963,0.0,0.0,25.484043960993386,3.96,Low,Monitor: maintain policy and track variability,0.0,0.0
SKU-019,WH-PORTO,36814,36791,23,249.08999999999997,176228.88999999998,10.035461550957645,50.36114911080711,0.0027359781121751026,0.9993752376813169,0.19926990801733144,569.5198358413132,350.5403556771546,3439.8998084815316,11.4328317373461,0.0,21,0.0,42,7.071428571428571,1.3323893290032804,0.1884186929903629,Beverages,A,SUP-05,6.04,10.83,57.8124037052071,0.1835951627771948,21,166,0.922,7332.925285968468,0.0,110.17,51.23082060863638,2.35,Low,Monitor: maintain policy and track variability,60.59,0.0
